ABN,ABN Status,Name,Current/Historic name,Type,State,Postcode,Match Score(%)
97650360973,Active,BRD                                                                                                                                                                                                     ,Current,Business Name,VIC                                     ,3145        ,90
75078031884,Cancelled,BRD                                                                                                                                                                                                     ,Historic,Trading Name,VIC                                     ,3000        ,90
32168152130,Active,BRD                                                                                                                                                                                                     ,Current,Other Name,QLD                                     ,4070        ,90
68076832696,Cancelled,BRD PTY LTD                                                                                                                                                                                             ,Current,Entity Name,NSW                                     ,2153        ,90
58405167118,Cancelled,BRD co                                                                                                                                                                                                  ,Historic,Business Name,NSW                                     ,2120        ,90
38104630417,Cancelled,BRD Group Pty Ltd                                                                                                                                                                                       ,Current,Entity Name,VIC                                     ,3922        ,87
12088875941,Cancelled,BRDSYSTEMS PTY LTD                                                                                                                                                                                      ,Current,Entity Name,NSW                                     ,2046        ,87
54685227641,Active,BRD GROUP HOLDINGS PTY LTD                                                                                                                                                                              ,Current,Entity Name,NSW                                     ,2174        ,84
53659845638,Cancelled,C.J BARRON & R Barron                                                                                                                                                                                   ,Current,Entity Name,WA                                      ,6158        ,78
88428094314,Cancelled,J.A BARAN & R BARAN                                                                                                                                                                                     ,Current,Entity Name,WA                                      ,6009        ,78
28286528190,Cancelled,N BARAN & R BARAN                                                                                                                                                                                       ,Current,Entity Name,QLD                                     ,4508        ,78
57493172507,Cancelled,R BARRON & J.E RUSSELL                                                                                                                                                                                  ,Current,Entity Name,QLD                                     ,4012        ,78
79120524437,Active,R BARRON & S BARRON & H KATSIKAS                                                                                                                                                                        ,Current,Entity Name,VIC                                     ,3029        ,78
34288620933,Cancelled,R BARRON & S.M PEARSON                                                                                                                                                                                  ,Current,Entity Name,QLD                                     ,4213        ,78
40540247314,Active,T BALABANEL & R BARAN                                                                                                                                                                                   ,Current,Entity Name,NSW                                     ,2144        ,78
54425499687,Cancelled,BARAAN                                                                                                                                                                                                  ,Current,Trading Name,SA                                      ,5262        ,76
58128307142,Active,BARAAN & CO                                                                                                                                                                                             ,Historic,Business Name,SA                                      ,5041        ,76
84648559513,Active,BARAN & CO. PTY LTD                                                                                                                                                                                     ,Current,Entity Name,SA                                      ,5152        ,76
58674186775,Cancelled,BARANN                                                                                                                                                                                                  ,Historic,Trading Name,QLD                                     ,4114        ,76
40054973036,Active,BARANO PTY. LTD.                                                                                                                                                                                        ,Current,Entity Name,VIC                                     ,3039        ,76
35000800537,Cancelled,BARIAN PTY LTD                                                                                                                                                                                          ,Current,Entity Name,NSW                                     ,2085        ,76
91137304057,Cancelled,BARIAN PTY. LTD.                                                                                                                                                                                        ,Current,Entity Name,VIC                                     ,3216        ,76
26082112310,Cancelled,BARRAIN PTY LTD                                                                                                                                                                                         ,Current,Entity Name,VIC                                     ,3095        ,76
39250073104,Active,BARRAM PTY LTD                                                                                                                                                                                          ,Current,Trading Name,VIC                                     ,3224        ,76
87562812511,Cancelled,BARRANA                                                                                                                                                                                                 ,Historic,Business Name,QLD                                     ,4211        ,76
74612701470,Cancelled,BARRANA PTY LTD                                                                                                                                                                                         ,Current,Entity Name,QLD                                     ,4211        ,76
69100321766,Cancelled,BARRANI PTY LTD                                                                                                                                                                                         ,Historic,Entity Name,VIC                                     ,3480        ,76
33764018946,Active,BARREN                                                                                                                                                                                                  ,Historic,Business Name,WA                                      ,6025        ,76
37062106601,Cancelled,BARRON PTY. LTD.                                                                                                                                                                                        ,Current,Entity Name,NSW                                     ,2556        ,76
81655888449,Active,BARRUN PTY LTD                                                                                                                                                                                          ,Current,Entity Name,NSW                                     ,2038        ,76
90000847834,Cancelled,BURRAN PTY LTD                                                                                                                                                                                          ,Current,Entity Name,NSW                                     ,2088        ,76
87099683708,Active,Baran & Co.                                                                                                                                                                                             ,Historic,Business Name,SA                                      ,5152        ,76
27856198237,Active,Barrana                                                                                                                                                                                                 ,Current,Business Name,QLD                                     ,4209        ,76
92138634983,Active,Berran Pty Ltd                                                                                                                                                                                          ,Current,Entity Name,NSW                                     ,2064        ,76
80858427223,Active,The Trustee for BARRON AND CO                                                                                                                                                                           ,Current,Entity Name,QLD                                     ,4209        ,76
67212522687,Cancelled,barrun                                                                                                                                                                                                  ,Historic,Business Name,NSW                                     ,2199        ,76
41008693474,Cancelled,DOUGLAS R & SYLVIA D BARRAND                                                                                                                                                                            ,Historic,Entity Name,WA                                      ,6562        ,75
43095624282,Active,BURHAN DEGER                                                                                                                                                                                            ,Historic,Entity Name,VIC                                     ,3046        ,74
77049077115,Cancelled,IAN R & HEATHER D BARRON                                                                                                                                                                                ,Current,Entity Name,QLD                                     ,4610        ,74
37514495505,Cancelled,JOHN R & NOELENE D BARRON                                                                                                                                                                               ,Historic,Entity Name,WA                                      ,6112        ,74
57006669183,Cancelled,BARRANNA PTY. LTD.                                                                                                                                                                                      ,Current,Entity Name,VIC                                     ,3280        ,70
81003638686,Cancelled,BARROAND PTY. LIMITED                                                                                                                                                                                   ,Current,Entity Name,NSW                                     ,2641        ,70
