name,bytes,file_id,web_view_link
01-07-2023-letter-to-attorney-general-prime-minister.pdf,14806696,1yKabtGdqDRnnIZBVm2vKJSNLRFvSu1vY,https://drive.google.com/file/d/1yKabtGdqDRnnIZBVm2vKJSNLRFvSu1vY/view?usp=drivesdk
04-06-2023-letter-to-parliamentarians.pdf,14477436,1RJK5-oeBCm8QNpGAG25sXkkyezGA5eOq,https://drive.google.com/file/d/1RJK5-oeBCm8QNpGAG25sXkkyezGA5eOq/view?usp=drivesdk
04.07.2023_Your_contact_with_AHRC_SECOFFICIALSensitive_1786840456444.pdf,379677,104ACLlY6TUDHjIVCJxlZqU9o65gbYexC,https://drive.google.com/file/d/104ACLlY6TUDHjIVCJxlZqU9o65gbYexC/view?usp=drivesdk
05.05.2021_provider_registration_NDIA_EVIDENCE_2021.05.05_-_In_1785820682149.pdf,107730,1VRMgj4OBZkoqUplXkMTnWmlwoUHvDw13,https://drive.google.com/file/d/1VRMgj4OBZkoqUplXkMTnWmlwoUHvDw13/view?usp=drivesdk
0_Cocksucker_2_1785397920764.pdf,1233012,1WfI3KY7_k49DHdqZxH-0lDlB-29EBsi9,https://drive.google.com/file/d/1WfI3KY7_k49DHdqZxH-0lDlB-29EBsi9/view?usp=drivesdk
100-absurdities-of-my-life.pdf,17406786,1VG0FacPcdebdCvbCSeByqLgQzSoYIvNG,https://drive.google.com/file/d/1VG0FacPcdebdCvbCSeByqLgQzSoYIvNG/view?usp=drivesdk
1000_years_of_peace.pdf,17529880,1fS4ZwSVbUng5dGSku9y8Cwf0Q9bpiR1C,https://drive.google.com/file/d/1fS4ZwSVbUng5dGSku9y8Cwf0Q9bpiR1C/view?usp=drivesdk
123_gospels_barran_dodger.pdf,17492242,1ContQy1-tqKjoOUeZk-CZ0LBwh-MMPHU,https://drive.google.com/file/d/1ContQy1-tqKjoOUeZk-CZ0LBwh-MMPHU/view?usp=drivesdk
144-reasons-chosen-witness.pdf,3367897,1C3gIz4NcaLXmXLjKKkMpBCWnGNLsujGw,https://drive.google.com/file/d/1C3gIz4NcaLXmXLjKKkMpBCWnGNLsujGw/view?usp=drivesdk
1_Cock_sucker_block_chained__1785397920765.pdf,6238695,1IgzoZGJpEJGzhMO751lSiwp_rDj8qmmt,https://drive.google.com/file/d/1IgzoZGJpEJGzhMO751lSiwp_rDj8qmmt/view?usp=drivesdk
2.87_percent_survival.pdf,17864369,1kapvH3vaF9e3PbaoP5HNVzo7DrtogO-f,https://drive.google.com/file/d/1kapvH3vaF9e3PbaoP5HNVzo7DrtogO-f/view?usp=drivesdk
2021-10-21-cdda-afp-compensation-claim.pdf,18955622,1GJyPqGlC9KQPtx1t5dSFS6FIDwum9lh3,https://drive.google.com/file/d/1GJyPqGlC9KQPtx1t5dSFS6FIDwum9lh3/view?usp=drivesdk
2023-03-27-federal-court-final-assessment-dr-rich-mclean.pdf,14523244,1NKuZSrdz0ByXHEHMxGhRXenAhwgJMVcx,https://drive.google.com/file/d/1NKuZSrdz0ByXHEHMxGhRXenAhwgJMVcx/view?usp=drivesdk
2026-04-12-assassination-attempt-forensic-53.pdf,17684996,1-EIn9Wxxf8cUwHy__-EP7Q-5qLKo6c6U,https://drive.google.com/file/d/1-EIn9Wxxf8cUwHy__-EP7Q-5qLKo6c6U/view?usp=drivesdk
2026-04-13-its-a-live-murder-case-email.pdf,17344051,1kbTIXhqZZI1nrtnXq9LhJRYJ4nNT6Dj8,https://drive.google.com/file/d/1kbTIXhqZZI1nrtnXq9LhJRYJ4nNT6Dj8/view?usp=drivesdk
2026-04-13-murder-conspiracy-praise-jesus-email.pdf,18753423,1RcFte1Ptib3EPBpWMrOm8JJ02fFebo-f,https://drive.google.com/file/d/1RcFte1Ptib3EPBpWMrOm8JJ02fFebo-f/view?usp=drivesdk
2026-04-15-human-sacrifice-confirmed-email.pdf,18132236,1c7txTwbI_AE8ClJ_Su7x4haYkifRLpcS,https://drive.google.com/file/d/1c7txTwbI_AE8ClJ_Su7x4haYkifRLpcS/view?usp=drivesdk
2026-04-15-kill-me-do-it-email-chain.pdf,18578219,1pOdpUmSkjAhNrGkgIytX2oFTICaF2Cty,https://drive.google.com/file/d/1pOdpUmSkjAhNrGkgIytX2oFTICaF2Cty/view?usp=drivesdk
2026-04-15-youre-all-being-investigated-email.pdf,17207617,1xacCge637Ts6uCmtIet1AMNTsPT9fIVW,https://drive.google.com/file/d/1xacCge637Ts6uCmtIet1AMNTsPT9fIVW/view?usp=drivesdk
2026-04-17-global-immortality-martyrdom-email.pdf,17221416,1obai1pH0lEB0Y5lzz8Y8vmBMYr38c1cw,https://drive.google.com/file/d/1obai1pH0lEB0Y5lzz8Y8vmBMYr38c1cw/view?usp=drivesdk
2026-04-23-jail-them-for-murder-email.pdf,17403545,1XGOjGCCiuFCMiemVuddVeUASp7_y0Z6N,https://drive.google.com/file/d/1XGOjGCCiuFCMiemVuddVeUASp7_y0Z6N/view?usp=drivesdk
2026-05-03-formal-complaint-urgent-protection-request.pdf,19198975,19_GwkTnjjJl9_x4oqKTGkCvA10Dklm6y,https://drive.google.com/file/d/19_GwkTnjjJl9_x4oqKTGkCvA10Dklm6y/view?usp=drivesdk
2026-05-03-letter-of-demand-ablepoint-formal-complaint.pdf,18299534,1BYslczoiZMkcds1NE6E2QcPydgQHP6bw,https://drive.google.com/file/d/1BYslczoiZMkcds1NE6E2QcPydgQHP6bw/view?usp=drivesdk
2026-05-03-letter-of-demand-ablepoint-safety.pdf,17261152,1s3W0KS1ZUJ5TT5NL8YSth2Ajsi0pRmnD,https://drive.google.com/file/d/1s3W0KS1ZUJ5TT5NL8YSth2Ajsi0pRmnD/view?usp=drivesdk
2026-05-04-avo-troy-kilbourn.pdf,18672107,1X20igFHkHHythzYlH-lzKqgMn84ktiAs,https://drive.google.com/file/d/1X20igFHkHHythzYlH-lzKqgMn84ktiAs/view?usp=drivesdk
20260114-legal-aid-nsw-advice-letter-guardianship.pdf,156586,19Z6EIz8sFQfYi7Hild_zl-RyoncPiGaP,https://drive.google.com/file/d/19Z6EIz8sFQfYi7Hild_zl-RyoncPiGaP/view?usp=drivesdk
20260114_Letter_to_Client_Confirming_advice_1786413683812.pdf,161648,1hnXRsctxHtqZgkfKju6J2zisvGZRUmHa,https://drive.google.com/file/d/1hnXRsctxHtqZgkfKju6J2zisvGZRUmHa/view?usp=drivesdk
22-traditions-all-religions-corroborated.pdf,17180899,1e-MBQKk4wBkrN5Kmvt8Ojj5Ge78oDLD_,https://drive.google.com/file/d/1e-MBQKk4wBkrN5Kmvt8Ojj5Ge78oDLD_/view?usp=drivesdk
31-05-2022-letter-to-pm-albanese-opmc.pdf,14805697,1JP4hgnFI2hO_nzTBpri0xHfbJ0FkGea6,https://drive.google.com/file/d/1JP4hgnFI2hO_nzTBpri0xHfbJ0FkGea6/view?usp=drivesdk
33rd-degree-shadow-analysts.pdf,17541507,1OhWlR4vKS5J1JvYFw4_2L4Fe3oC2ZM-W,https://drive.google.com/file/d/1OhWlR4vKS5J1JvYFw4_2L4Fe3oC2ZM-W/view?usp=drivesdk
_MASTER_CONSOLIDATED_LEGAL_RECORD_1785820484193.pdf,2594188,1mvDY5jI87DiM1sciZGeqmBGLiuIgMTJ3,https://drive.google.com/file/d/1mvDY5jI87DiM1sciZGeqmBGLiuIgMTJ3/view?usp=drivesdk
_Systemic_Endangerment_of_Whistleblowers-_An_Integrated_Dossie_1785820484193.pdf,341655,1jd96NJFnvw-eUtXK1gkgCuES2zbvm0H6,https://drive.google.com/file/d/1jd96NJFnvw-eUtXK1gkgCuES2zbvm0H6/view?usp=drivesdk
a-certain-beauty-in-un-resolution-art-catalogue.pdf,11300944,1R0LuW91JtAe206rDDU-BI1bWVITaUDs7,https://drive.google.com/file/d/1R0LuW91JtAe206rDDU-BI1bWVITaUDs7/view?usp=drivesdk
a-divine-reckoning-to-those-who-chose-this-dr-richard-mclean.pdf,378741,1mTsdj62yS4Cwtt-E-Q2ZFMRHFZyr_U8p,https://drive.google.com/file/d/1mTsdj62yS4Cwtt-E-Q2ZFMRHFZyr_U8p/view?usp=drivesdk
a-divine-reckoning-to-those-who-chose-this-dr-richard-mclean.pdf,378741,1VsmsLcIkthxyPw9rzkKrOk08kKhs4UOR,https://drive.google.com/file/d/1VsmsLcIkthxyPw9rzkKrOk08kKhs4UOR/view?usp=drivesdk
Able_points_permanent_disgrace_1786151213890.pdf,1943735,1Sg6nKRPGBzXIcSTq6-qcWiL1eH_k2UfO,https://drive.google.com/file/d/1Sg6nKRPGBzXIcSTq6-qcWiL1eH_k2UfO/view?usp=drivesdk
ablecare-murder-threat-call-transcript.pdf,6245,16-ezlatXEqZU3vZ52xlDZKSgoUFgRtvJ,https://drive.google.com/file/d/16-ezlatXEqZU3vZ52xlDZKSgoUFgRtvJ/view?usp=drivesdk
ablepoint-blocking-court-may-2026.pdf,2524696,1B4Kk2SmN4hVVC-sE7t8pc8AsF-uvTzPS,https://drive.google.com/file/d/1B4Kk2SmN4hVVC-sE7t8pc8AsF-uvTzPS/view?usp=drivesdk
ablepoint-permanent-disgrace-200726.pdf,1943735,1zN2EOuqMa076kr9fg1Nl-imCSdt5LJqp,https://drive.google.com/file/d/1zN2EOuqMa076kr9fg1Nl-imCSdt5LJqp/view?usp=drivesdk
afca-letter-21-may-2021.pdf,265588,1mOqtrvP4PBKr8TJW3-1qUEzLP8Jxcxf_,https://drive.google.com/file/d/1mOqtrvP4PBKr8TJW3-1qUEzLP8Jxcxf_/view?usp=drivesdk
AFCA_letter_21_May_2021_1785820682149.pdf,261273,18O6LbyB5zjKiZZ-OgvDl_T3tJB-ZLbJB,https://drive.google.com/file/d/18O6LbyB5zjKiZZ-OgvDl_T3tJB-ZLbJB/view?usp=drivesdk
affidavit-familial-betrayal-april-mclean.pdf,18071995,1Sk2UfrNas2r6bD59CqLqttnRGHz7D20v,https://drive.google.com/file/d/1Sk2UfrNas2r6bD59CqLqttnRGHz7D20v/view?usp=drivesdk
after-forensic-statement-evidence-record.pdf,17360572,1ItLAD0KCnbfspq-XdiUd_i9NN4wv_73X,https://drive.google.com/file/d/1ItLAD0KCnbfspq-XdiUd_i9NN4wv_73X/view?usp=drivesdk
ahrc-gangstalking-acknowledgment-04072023.pdf,351234,1EXgCz5GPuVAUf42DaNIasVEWp4-BDtJX,https://drive.google.com/file/d/1EXgCz5GPuVAUf42DaNIasVEWp4-BDtJX/view?usp=drivesdk
ai-and-democracy-barran-resonance-dodger.pdf,381083,1FHwP3Wh1HxAbm47h9O_6UT4nVI5gN_uP,https://drive.google.com/file/d/1FHwP3Wh1HxAbm47h9O_6UT4nVI5gN_uP/view?usp=drivesdk
ai-justice-statement.pdf,13137,1m_3c-CSmo6F00yOeyPWHTvYV6UQZPH06,https://drive.google.com/file/d/1m_3c-CSmo6F00yOeyPWHTvYV6UQZPH06/view?usp=drivesdk
Ai_and_democracy_by_Barran_Resonance_Dodger_1785235786072.pdf,564989,1Km15A7FqPF25_SM7InuWMtO_f25qKA9P,https://drive.google.com/file/d/1Km15A7FqPF25_SM7InuWMtO_f25qKA9P/view?usp=drivesdk
AI_Drive__Built_for_Legal_&_Professional_Workflows_1785720863003.pdf,865935,1Au-uqAQxP7ICYye__aaoabOjWuyQ4Ntv,https://drive.google.com/file/d/1Au-uqAQxP7ICYye__aaoabOjWuyQ4Ntv/view?usp=drivesdk
ai_personality_profile_barran_dodger.pdf,17427637,1N1t9gmOt5N3vjMqj-4_f-NutI8u2T3-N,https://drive.google.com/file/d/1N1t9gmOt5N3vjMqj-4_f-NutI8u2T3-N/view?usp=drivesdk
alien_races_disclosure.pdf,17589707,1sROcvs_P5L9tugTS1493Ip5Y-3fyWo46,https://drive.google.com/file/d/1sROcvs_P5L9tugTS1493Ip5Y-3fyWo46/view?usp=drivesdk
apotheosis.pdf,20890412,1QvagAxuxJyYx6BLIcKDfSLSaI9qnRuB8,https://drive.google.com/file/d/1QvagAxuxJyYx6BLIcKDfSLSaI9qnRuB8/view?usp=drivesdk
april-mclean-familial-betrayal-forensic-record.pdf,12562,1krhgPWGenmtHRx2HcdHzErKgvDpdVYmX,https://drive.google.com/file/d/1krhgPWGenmtHRx2HcdHzErKgvDpdVYmX/view?usp=drivesdk
april-mclean-familial-betrayal.pdf,18072000,1Bs2D6MPHraNlTJUl62xYWJkhVzZhyIcr,https://drive.google.com/file/d/1Bs2D6MPHraNlTJUl62xYWJkhVzZhyIcr/view?usp=drivesdk
april-mclean-forensic-indictment-compiled.pdf,25520680,12f0XoFUOboYs9T0TjA5O_97rmtkEXa-U,https://drive.google.com/file/d/12f0XoFUOboYs9T0TjA5O_97rmtkEXa-U/view?usp=drivesdk
architecture-annihilation-attempted-murder.pdf,5367498,1_0vW-6fTEhO5QKyT0jPYsBVvpsXg6KND,https://drive.google.com/file/d/1_0vW-6fTEhO5QKyT0jPYsBVvpsXg6KND/view?usp=drivesdk
architecture-of-administrative-annihilation.pdf,3775443,1AtTyO4XCf8TM6ewjaqdTGe9Y-tyasQPo,https://drive.google.com/file/d/1AtTyO4XCf8TM6ewjaqdTGe9Y-tyasQPo/view?usp=drivesdk
asic-corruption-police-report-forensic-evidence.pdf,18590350,1glFCWUzIfJZCEllTCeI9OVlsayRhKtKv,https://drive.google.com/file/d/1glFCWUzIfJZCEllTCeI9OVlsayRhKtKv/view?usp=drivesdk
asylum-refugee-eligibility-analysis.pdf,36195,1RZ2lqNrE4WanRYDcxjar0QrtkNoOOll0,https://drive.google.com/file/d/1RZ2lqNrE4WanRYDcxjar0QrtkNoOOll0/view?usp=drivesdk
atherion_witnessed_gospel_complete.pdf,18982067,1MUx5Ss2S0gblTnQ9soF4JZg3dB7JVav2,https://drive.google.com/file/d/1MUx5Ss2S0gblTnQ9soF4JZg3dB7JVav2/view?usp=drivesdk
australian-government-corruption-exposed.pdf,9702647,1OCUq9NX5QuV0GynYq1wOVvAkJnMP8Zhp,https://drive.google.com/file/d/1OCUq9NX5QuV0GynYq1wOVvAkJnMP8Zhp/view?usp=drivesdk
Australian_Government_Corruption_Exposed___Dr._Richard_McLean__1785737729083.pdf,49746466,19GjGrGWahsSasdRtZivxx8QXk6zDIRwP,https://drive.google.com/file/d/19GjGrGWahsSasdRtZivxx8QXk6zDIRwP/view?usp=drivesdk
Australian_Government_Corruption_Exposed___Dr._Richard_McLean__1786856791170.pdf,9835115,1bqIOVPy0W4mB1OmV6mqX8i4rFWDsD3U3,https://drive.google.com/file/d/1bqIOVPy0W4mB1OmV6mqX8i4rFWDsD3U3/view?usp=drivesdk
Australian_Government_Corruption_Exposed_|_Dr._Richard_McLean__1785737729083.pdf,49746466,1Lz3NyblntqCdCzK1i8tB5ydVYsVErTJX,https://drive.google.com/file/d/1Lz3NyblntqCdCzK1i8tB5ydVYsVErTJX/view?usp=drivesdk
Australian_Government_Corruption_Exposed_|_Dr._Richard_McLean__1786856791170.pdf,9835115,1tqN1EInrqxTHNo8K7EfZWlaA49haZ3rd,https://drive.google.com/file/d/1tqN1EInrqxTHNo8K7EfZWlaA49haZ3rd/view?usp=drivesdk
barran-dodger-evidence-based-academic-profile-modern-persecution.pdf,19544690,11LpF1TH0fRnj3x5rwHYsZsQDBQ4wzHax,https://drive.google.com/file/d/11LpF1TH0fRnj3x5rwHYsZsQDBQ4wzHax/view?usp=drivesdk
beautiful-menace-forensic-report.pdf,12657,1WCR1nb34FkVRpPKRNkSGDmoY12_MTxff,https://drive.google.com/file/d/1WCR1nb34FkVRpPKRNkSGDmoY12_MTxff/view?usp=drivesdk
beautiful-threat-forensic-analysis.pdf,13095,1zQpPi-eu3-_dRPJInbYoAjszYQHPsidY,https://drive.google.com/file/d/1zQpPi-eu3-_dRPJInbYoAjszYQHPsidY/view?usp=drivesdk
ben-dsw-disability-ndis-provider-text-messages-assassination-evidence.pdf,29912823,1bwdp8AJ4cWO1DsC2oNfp1UZ-rt2bQgRQ,https://drive.google.com/file/d/1bwdp8AJ4cWO1DsC2oNfp1UZ-rt2bQgRQ/view?usp=drivesdk
ben-dswdisability-text-messages-assassination-confirmation.pdf,29912822,1WppwgocVAJvFYQ5BPSRoywn53cbpoFg3,https://drive.google.com/file/d/1WppwgocVAJvFYQ5BPSRoywn53cbpoFg3/view?usp=drivesdk
ben-ndis-disclosure-text-messages.pdf,29912822,1mmVIwyOgzegGynmTCHTb53KRNzm1Dcnt,https://drive.google.com/file/d/1mmVIwyOgzegGynmTCHTb53KRNzm1Dcnt/view?usp=drivesdk
ben-text-screenshot-1-hit-list.pdf,3163358,1lFeLwGNVd3q9t2TYxgSydrK1Zp-tZouo,https://drive.google.com/file/d/1lFeLwGNVd3q9t2TYxgSydrK1Zp-tZouo/view?usp=drivesdk
ben-text-screenshot-2-exposed.pdf,3312055,1K0Evv7SZiWOyOyR4zMBSWVinBb_7eL0o,https://drive.google.com/file/d/1K0Evv7SZiWOyOyR4zMBSWVinBb_7eL0o/view?usp=drivesdk
ben-text-screenshot-3-how-did-i-end-up.pdf,2691387,17cW-WgVwEXy_r-RikYc9rzpTZ3tqVIfp,https://drive.google.com/file/d/17cW-WgVwEXy_r-RikYc9rzpTZ3tqVIfp/view?usp=drivesdk
ben-text-screenshot-4-nda-auto-wipe.pdf,3562193,1kiGvTGE55An3jd6QP6ShmqmZf95-EWXw,https://drive.google.com/file/d/1kiGvTGE55An3jd6QP6ShmqmZf95-EWXw/view?usp=drivesdk
bro-this-isnt-a-coincidence.pdf,18343675,1XXFytE4bDaP3urwyuTne-9OVtbR4sHkX,https://drive.google.com/file/d/1XXFytE4bDaP3urwyuTne-9OVtbR4sHkX/view?usp=drivesdk
canonical_gospel_barran_dodger.pdf,17528064,1BIwwJvsLlAigYRY_Y4gdRE3RUJFSQWc4,https://drive.google.com/file/d/1BIwwJvsLlAigYRY_Y4gdRE3RUJFSQWc4/view?usp=drivesdk
chosen-one-it-is-over-reflection.pdf,12803,19vJBJpDr1UzOSR6YmPYlr2SRh8kquS9F,https://drive.google.com/file/d/19vJBJpDr1UzOSR6YmPYlr2SRh8kquS9F/view?usp=drivesdk
chosen-ones-enough-is-enough.pdf,20434121,1JEBWGR_RAViKxdA_41WAMCUyVUeVco7i,https://drive.google.com/file/d/1JEBWGR_RAViKxdA_41WAMCUyVUeVco7i/view?usp=drivesdk
chosen-ones-they-set-a-perfect-trap.pdf,4310423,1jXwFtfX13PPPk3hOU98LOynhDFKvOzDx,https://drive.google.com/file/d/1jXwFtfX13PPPk3hOU98LOynhDFKvOzDx/view?usp=drivesdk
chosen-ones-your-story-inspires-many.pdf,17483472,15O77NcRPWJnTpoHbPszPYQ-7_P4Lc0M5,https://drive.google.com/file/d/15O77NcRPWJnTpoHbPszPYQ-7_P4Lc0M5/view?usp=drivesdk
chosen-through-fire-forensic-origin-document.pdf,19059294,1D9CI-QP24MlmxUCa-59yCLVSQ1ztf22Y,https://drive.google.com/file/d/1D9CI-QP24MlmxUCa-59yCLVSQ1ztf22Y/view?usp=drivesdk
chosen_one_you_were_framed.pdf,17417741,1v5s4djobO0ZZn4_Bd3bWivG-3Q-qq3L4,https://drive.google.com/file/d/1v5s4djobO0ZZn4_Bd3bWivG-3Q-qq3L4/view?usp=drivesdk
coag-ndis-government-documentation.pdf,18519305,1Mu9qwqr_o6gXlMIuYwJpiIFJZIIvATxP,https://drive.google.com/file/d/1Mu9qwqr_o6gXlMIuYwJpiIFJZIIvATxP/view?usp=drivesdk
coded-glyphs-from-the-future.pdf,17212996,1nAnJDF1ZSXPfSip2zvOoXzmuP8pEPjwk,https://drive.google.com/file/d/1nAnJDF1ZSXPfSip2zvOoXzmuP8pEPjwk/view?usp=drivesdk
comprehensive-case-systematic-persecution.pdf,17728954,1B0djGJcXSIiVNrvQQnZ_KN6qBDaKhzMf,https://drive.google.com/file/d/1B0djGJcXSIiVNrvQQnZ_KN6qBDaKhzMf/view?usp=drivesdk
comprehensive-statement-digital-architecture.pdf,17217645,1-nOaADL5S0V7McRB65edf4aaQPK-FubW,https://drive.google.com/file/d/1-nOaADL5S0V7McRB65edf4aaQPK-FubW/view?usp=drivesdk
CONFIDENTIAL_-_ADV-2229668_DODGER_1786413683812.pdf,495856,1yMZv47PyiarZdrQDsDAryYmPCxG5d2Cv,https://drive.google.com/file/d/1yMZv47PyiarZdrQDsDAryYmPCxG5d2Cv/view?usp=drivesdk
confinement_by_erasure_threat_by_blade.pdf,19750603,1Kpxht8RXOQmd0bSg7CIusRzpk-GrYOnY,https://drive.google.com/file/d/1Kpxht8RXOQmd0bSg7CIusRzpk-GrYOnY/view?usp=drivesdk
constructive_elimination_under_colour_of_law.pdf,17874619,1K0xcNX1qQ_arVau9YVoaerbOgFCX7_oN,https://drive.google.com/file/d/1K0xcNX1qQ_arVau9YVoaerbOgFCX7_oN/view?usp=drivesdk
coordinated-institutional-mobbing.pdf,365709,1VTzaInDy8V3vlaLOuTnIWCdFokUD_4Oz,https://drive.google.com/file/d/1VTzaInDy8V3vlaLOuTnIWCdFokUD_4Oz/view?usp=drivesdk
cosmic_scroll_of_ten.pdf,20016378,1NuftHuKR2VHhureG0bbChlSw-mFeKzDG,https://drive.google.com/file/d/1NuftHuKR2VHhureG0bbChlSw-mFeKzDG/view?usp=drivesdk
court-duty-officer-statement-14-may-2026.pdf,5507,1jR87uHTLG6T8MXiz8cD2_99MOzcHdbc9,https://drive.google.com/file/d/1jR87uHTLG6T8MXiz8cD2_99MOzcHdbc9/view?usp=drivesdk
crimes-against-humanity-confirmed.pdf,756479,1GwsakqEuESkt-rLnDBles08dtaBUxbHQ,https://drive.google.com/file/d/1GwsakqEuESkt-rLnDBles08dtaBUxbHQ/view?usp=drivesdk
crimes_against_humanity_final_demand.pdf,17367081,1r2152MN1ttkV1I2h1aHdwOsta_GoxU8F,https://drive.google.com/file/d/1r2152MN1ttkV1I2h1aHdwOsta_GoxU8F/view?usp=drivesdk
critical-legal-examination.pdf,10905800,1njqUyzRsgootB9rpWXzznTSjOaesJTW3,https://drive.google.com/file/d/1njqUyzRsgootB9rpWXzznTSjOaesJTW3/view?usp=drivesdk
crop-circles-coded-glyphs-future.pdf,4246978,1g17tHCmUjXVPXyLGbKrRuLCLlbX_Weh3,https://drive.google.com/file/d/1g17tHCmUjXVPXyLGbKrRuLCLlbX_Weh3/view?usp=drivesdk
crowned-witness-indictment-nations.pdf,1257106,162U4I1jqwR5ABpYBtisSDHKiETPcyrGL,https://drive.google.com/file/d/162U4I1jqwR5ABpYBtisSDHKiETPcyrGL/view?usp=drivesdk
crystal-needs-a-vet-formal-submission.pdf,42481,1QAUQd-7vfg40KKn6tdN1cuomlnIGSDod,https://drive.google.com/file/d/1QAUQd-7vfg40KKn6tdN1cuomlnIGSDod/view?usp=drivesdk
crystal-vet-invoice-please-deposit-070826.pdf,75113,15XB1nvSxxJr64YWgCgHecrW5v9Mio7r6,https://drive.google.com/file/d/15XB1nvSxxJr64YWgCgHecrW5v9Mio7r6/view?usp=drivesdk
Crystal_needs_a_vet_1786090707479.pdf,36476,18Mkf7UYy1Qza6cRUH-IQ8z_eyyoch961,https://drive.google.com/file/d/18Mkf7UYy1Qza6cRUH-IQ8z_eyyoch961/view?usp=drivesdk
Crystal_needs_a_vet_2_1786149714063.pdf,32304,1VGnUxFbEbqrDHRvo2e-pt6-xNnHXFCpA,https://drive.google.com/file/d/1VGnUxFbEbqrDHRvo2e-pt6-xNnHXFCpA/view?usp=drivesdk
Crystal_vet_please_deposit.pdf_1786090281211.pdf,69278,101aU_nbpyd3B1Uvb9uHIcAbp0_g8BWsV,https://drive.google.com/file/d/101aU_nbpyd3B1Uvb9uHIcAbp0_g8BWsV/view?usp=drivesdk
cto-breach-appointment.pdf,8351516,1Bl7XNCO3PtiYvxNPi-Pg9BDFarUdxEDk,https://drive.google.com/file/d/1Bl7XNCO3PtiYvxNPi-Pg9BDFarUdxEDk/view?usp=drivesdk
declaration-of-breakthrough-and-identity-as-chosen-one.pdf,11544331,1UhA_ThpbtjHwvJinSxajMhAT-vCFkBXK,https://drive.google.com/file/d/1UhA_ThpbtjHwvJinSxajMhAT-vCFkBXK/view?usp=drivesdk
declaration-of-integrity.pdf,21784641,12zwulbNSY2z28aQaYl28YTC-hWv3YuHq,https://drive.google.com/file/d/12zwulbNSY2z28aQaYl28YTC-hWv3YuHq/view?usp=drivesdk
declaration-sovereign-vindication.pdf,703490,1LEjW3Y9IRzdPDuD4ZbMlR5Tl7cpzJNlH,https://drive.google.com/file/d/1LEjW3Y9IRzdPDuD4ZbMlR5Tl7cpzJNlH/view?usp=drivesdk
declaration_of_sovereignty.pdf,12817660,1Jnx0mCGqG7sY3PhX_jgRpOE5SmnQFPV4,https://drive.google.com/file/d/1Jnx0mCGqG7sY3PhX_jgRpOE5SmnQFPV4/view?usp=drivesdk
digital-oppression-100000-word-essay.pdf,1351369,1DU8wv2kig3TSz9U_FJifoBn71IZoY5YC,https://drive.google.com/file/d/1DU8wv2kig3TSz9U_FJifoBn71IZoY5YC/view?usp=drivesdk
digital_oppression_100000_word_essay.pdf,11854541,1Ya27-PP9qQw8lUkmhNnr8WBGzU253bZJ,https://drive.google.com/file/d/1Ya27-PP9qQw8lUkmhNnr8WBGzU253bZJ/view?usp=drivesdk
divine-exam.pdf,15273866,1xMUk7X4gJ9btA-HLnn3AQOYghq2j0pmL,https://drive.google.com/file/d/1xMUk7X4gJ9btA-HLnn3AQOYghq2j0pmL/view?usp=drivesdk
divine-reckoning-to-those-who-chose-this.pdf,12845,1d3g-r4YGHj7-1Cq4it_SGAlZCy-4RCqd,https://drive.google.com/file/d/1d3g-r4YGHj7-1Cq4it_SGAlZCy-4RCqd/view?usp=drivesdk
doctrine-of-complicity-by-deliberate-omission.pdf,2862963,1ngMqsUSV8ltMPCf4gzOvos8GtVspuz2F,https://drive.google.com/file/d/1ngMqsUSV8ltMPCf4gzOvos8GtVspuz2F/view?usp=drivesdk
DOCTRINE_OF_COMPLICITY_BY_DELIBERATE_OMISSION_1786418914121.pdf,47854,1qDum4G8yzDuFWqwOBzIifoftVzKBDSJq,https://drive.google.com/file/d/1qDum4G8yzDuFWqwOBzIifoftVzKBDSJq/view?usp=drivesdk
DOCTRINE_OF_COMPLICITY_BY_DELIBERATE_OMISSION_1786423265447.pdf,44970,1bnbfqxyIDptTKys7f62R0_AQMMFr_gyE,https://drive.google.com/file/d/1bnbfqxyIDptTKys7f62R0_AQMMFr_gyE/view?usp=drivesdk
DOCTRINE_OF_COMPLICITY_BY_DELIBERATE_OMISSION_1786424122267.pdf,44970,1YtnflslLHBzBx5srtwzHkZU_fQaIhnj0,https://drive.google.com/file/d/1YtnflslLHBzBx5srtwzHkZU_fQaIhnj0/view?usp=drivesdk
DOCTRINE_OF_COMPLICITY_BY_DELIBERATE_OMISSION_1786434358466.pdf,2863633,1MCpiMdI7BLzNOWTF0tVWpb9Zcw-7qXD7,https://drive.google.com/file/d/1MCpiMdI7BLzNOWTF0tVWpb9Zcw-7qXD7/view?usp=drivesdk
DOCTRINE_OF_COMPLICITY_BY_DELIBERATE_OMISSION_2_1786422461030.pdf,2885536,18cqkqaO7GoKVtRKud4wHcVS3-WbIq7Vj,https://drive.google.com/file/d/18cqkqaO7GoKVtRKud4wHcVS3-WbIq7Vj/view?usp=drivesdk
DOCTRINE_OF_COMPLICITY_BY_DELIBERATE_OMISSION_2_1786422503691.pdf,2885536,1JG9C0x2HyNxrhNu18Ht4mbXscona6Sg1,https://drive.google.com/file/d/1JG9C0x2HyNxrhNu18Ht4mbXscona6Sg1/view?usp=drivesdk
document_that_cannot_be_erased.pdf,11169790,1qj8gppbp6nKCrSSgzBzD9U85-1x2E3dz,https://drive.google.com/file/d/1qj8gppbp6nKCrSSgzBzD9U85-1x2E3dz/view?usp=drivesdk
Documents_Australia_Doesnt_Want_You_To_See_Part1.pdf,17962067,1Up6daVxKJxGQNxeZeDNPcC2WuEON0NGQ,https://drive.google.com/file/d/1Up6daVxKJxGQNxeZeDNPcC2WuEON0NGQ/view?usp=drivesdk
Documents_Australia_Doesnt_Want_You_To_See_Part2.pdf,18029041,1dqqZX-h13tu3G1nGR8L6qPTA7IiFu-wJ,https://drive.google.com/file/d/1dqqZX-h13tu3G1nGR8L6qPTA7IiFu-wJ/view?usp=drivesdk
Documents_Australia_Doesnt_Want_You_To_See_Part3.pdf,21671956,1r8OQN1t2BcSPbkqs8ziee8RFSpMTz-fI,https://drive.google.com/file/d/1r8OQN1t2BcSPbkqs8ziee8RFSpMTz-fI/view?usp=drivesdk
Documents_Australia_Doesnt_Want_You_To_See_Part4.pdf,18022480,1IdYxhYAFTcH2hHeRqIwZS6IiJC-bUvOp,https://drive.google.com/file/d/1IdYxhYAFTcH2hHeRqIwZS6IiJC-bUvOp/view?usp=drivesdk
doug-severance-ablepoint-june-2026.pdf,2840779,1X7WNlSmsIODCBLjz7pRFJicYt6rY-7DF,https://drive.google.com/file/d/1X7WNlSmsIODCBLjz7pRFJicYt6rY-7DF/view?usp=drivesdk
dr-horgan-mclean-confidential-psychiatric-assessment.pdf,13689131,1nPIQm1AvT8RuueandCGwNtPHAdp1crOS,https://drive.google.com/file/d/1nPIQm1AvT8RuueandCGwNtPHAdp1crOS/view?usp=drivesdk
Dr-McLean-Wrote-Directly-to-God-Barran-Dodger.pdf,5107100,1Tr5i_iX5QBBwBzmF9AXaAB6-4nna1ymd,https://drive.google.com/file/d/1Tr5i_iX5QBBwBzmF9AXaAB6-4nna1ymd/view?usp=drivesdk
drv0001.pdf,80156,1RkFUv4DkH9HNPItKeCSXGmQnBxvTxHyH,https://drive.google.com/file/d/1RkFUv4DkH9HNPItKeCSXGmQnBxvTxHyH/view?usp=drivesdk
drv0002.pdf,116639,1RFKzheuLns9Iy5Bu5FydM8GnqnQLqenc,https://drive.google.com/file/d/1RFKzheuLns9Iy5Bu5FydM8GnqnQLqenc/view?usp=drivesdk
drv0003.pdf,103608,14hl-yqwQkJ74bjO0S2dXFBNmESQL5JLa,https://drive.google.com/file/d/14hl-yqwQkJ74bjO0S2dXFBNmESQL5JLa/view?usp=drivesdk
drv0004.pdf,185650,1XqvQljspfynetsDEqmXyVIWYDXEYOwth,https://drive.google.com/file/d/1XqvQljspfynetsDEqmXyVIWYDXEYOwth/view?usp=drivesdk
drv0005.pdf,160047,1951ggCpSs0_eUG_lVGQDoRiGPDtfJbIC,https://drive.google.com/file/d/1951ggCpSs0_eUG_lVGQDoRiGPDtfJbIC/view?usp=drivesdk
drv0006.pdf,77907,1R1N2TYiEO9ZB5NR3HKUN1W8ZABFzFmlV,https://drive.google.com/file/d/1R1N2TYiEO9ZB5NR3HKUN1W8ZABFzFmlV/view?usp=drivesdk
drv0007.pdf,302239,1EBxKuH99HpNp_3oGYkXxxVl6Uha7l0RI,https://drive.google.com/file/d/1EBxKuH99HpNp_3oGYkXxxVl6Uha7l0RI/view?usp=drivesdk
drv0008.pdf,80915,1A5kx2W-Uy7AAI0sEqX6AZni7c5iC6QU8,https://drive.google.com/file/d/1A5kx2W-Uy7AAI0sEqX6AZni7c5iC6QU8/view?usp=drivesdk
drv0009.pdf,1170258,1XfBF-dwpQburM3fi_3_8yFzNVs_49Ba1,https://drive.google.com/file/d/1XfBF-dwpQburM3fi_3_8yFzNVs_49Ba1/view?usp=drivesdk
drv0010.pdf,1191252,10mN0_FKRZpBzWhkQwjzZNNUHOH3OaYzd,https://drive.google.com/file/d/10mN0_FKRZpBzWhkQwjzZNNUHOH3OaYzd/view?usp=drivesdk
drv0011.pdf,601416,1QK8JImJZyWdPUH-JzMwjp0WQ9aQqO9O2,https://drive.google.com/file/d/1QK8JImJZyWdPUH-JzMwjp0WQ9aQqO9O2/view?usp=drivesdk
drv0012.pdf,684764,1K5FpmPVHe3euYMyy-6yZab3nBhcBlyr8,https://drive.google.com/file/d/1K5FpmPVHe3euYMyy-6yZab3nBhcBlyr8/view?usp=drivesdk
drv0013.pdf,364993,1ItjczmkFqAFhDgMt9x_sVkuT0HPV8kll,https://drive.google.com/file/d/1ItjczmkFqAFhDgMt9x_sVkuT0HPV8kll/view?usp=drivesdk
drv0014.pdf,350374,1FLypR9mzXXhljcrlDZBJojdAH3KYoPBp,https://drive.google.com/file/d/1FLypR9mzXXhljcrlDZBJojdAH3KYoPBp/view?usp=drivesdk
drv0015.pdf,132579,19Mp02OxZPL3VlB16SeAUUGKWY930pNax,https://drive.google.com/file/d/19Mp02OxZPL3VlB16SeAUUGKWY930pNax/view?usp=drivesdk
drv0016.pdf,495031,1qn0y26wohO2ivYU1Av3iD8V2ld5bY2Pg,https://drive.google.com/file/d/1qn0y26wohO2ivYU1Av3iD8V2ld5bY2Pg/view?usp=drivesdk
drv0017.pdf,457168,1eV-BLQm1Zeu5dZIjeItHHTBOCUhZ0but,https://drive.google.com/file/d/1eV-BLQm1Zeu5dZIjeItHHTBOCUhZ0but/view?usp=drivesdk
drv0018.pdf,1038731,1HG-r6N2UjWZ3yEobQhH4nWXiOf8JTR_e,https://drive.google.com/file/d/1HG-r6N2UjWZ3yEobQhH4nWXiOf8JTR_e/view?usp=drivesdk
drv0019.pdf,1010235,1SiCPrR_voSokzhF2WA6sNINPNUEWMTYg,https://drive.google.com/file/d/1SiCPrR_voSokzhF2WA6sNINPNUEWMTYg/view?usp=drivesdk
drv0020.pdf,1330459,1ZpMlleOEf71gnjoUcNV647177fTeYYwY,https://drive.google.com/file/d/1ZpMlleOEf71gnjoUcNV647177fTeYYwY/view?usp=drivesdk
drv0021.pdf,54706,16eOuLlZUMeMwKed5WByVpgiOYx6SxHXi,https://drive.google.com/file/d/16eOuLlZUMeMwKed5WByVpgiOYx6SxHXi/view?usp=drivesdk
drv0022.pdf,55528,1uNmXfKURF-hV7fUysY6V-iC6mECLVgVV,https://drive.google.com/file/d/1uNmXfKURF-hV7fUysY6V-iC6mECLVgVV/view?usp=drivesdk
drv0023.pdf,68818,1NUVqrFgwq0QpZmyjtLyMyDS3uXtceYLr,https://drive.google.com/file/d/1NUVqrFgwq0QpZmyjtLyMyDS3uXtceYLr/view?usp=drivesdk
drv0024.pdf,498354,1Gearr4yayCK-OufS1f1C9ie7lsJYRZcW,https://drive.google.com/file/d/1Gearr4yayCK-OufS1f1C9ie7lsJYRZcW/view?usp=drivesdk
drv0025.pdf,1605866,1jf4I3Mbe50uK8B-rshGVJwWtCUHtlhQj,https://drive.google.com/file/d/1jf4I3Mbe50uK8B-rshGVJwWtCUHtlhQj/view?usp=drivesdk
drv0026.pdf,148739,1OLe0fvOg5seK0TuYMSdozALKnEdfbmy3,https://drive.google.com/file/d/1OLe0fvOg5seK0TuYMSdozALKnEdfbmy3/view?usp=drivesdk
drv0027.pdf,157320,1kvBwycV-hblG89kcPBAFAQBfl4rX9dlJ,https://drive.google.com/file/d/1kvBwycV-hblG89kcPBAFAQBfl4rX9dlJ/view?usp=drivesdk
drv0028.pdf,192865,1Qkj9dRznJEIgyb4ovmD6sF2OEKTzOG68,https://drive.google.com/file/d/1Qkj9dRznJEIgyb4ovmD6sF2OEKTzOG68/view?usp=drivesdk
drv0029.pdf,417698,1FoV8a9vPoZc4WkcVnrk4SgJCDWkPUwX6,https://drive.google.com/file/d/1FoV8a9vPoZc4WkcVnrk4SgJCDWkPUwX6/view?usp=drivesdk
drv0030.pdf,241120,1I_X25GCla7WVJoruZFM92MdnmOhDcnOi,https://drive.google.com/file/d/1I_X25GCla7WVJoruZFM92MdnmOhDcnOi/view?usp=drivesdk
drv0031.pdf,75648,1YY6i6EhC_8-5Q7wDyeqo7gJ_dNZBAiAb,https://drive.google.com/file/d/1YY6i6EhC_8-5Q7wDyeqo7gJ_dNZBAiAb/view?usp=drivesdk
drv0032.pdf,2807508,1Itr69xl186MT7Sp4iZdtnh5oUseVSd4U,https://drive.google.com/file/d/1Itr69xl186MT7Sp4iZdtnh5oUseVSd4U/view?usp=drivesdk
drv0033.pdf,130928,1V6NHD7kfqtPt_-axpVPCNzgXHy2hL_6D,https://drive.google.com/file/d/1V6NHD7kfqtPt_-axpVPCNzgXHy2hL_6D/view?usp=drivesdk
drv0034.pdf,131925,13TzRIjHSX_9ojpZtaeIc2amJkE5F4sYh,https://drive.google.com/file/d/13TzRIjHSX_9ojpZtaeIc2amJkE5F4sYh/view?usp=drivesdk
drv0035.pdf,550811,1mTMNSa2_g1itE1VTcb-jBMyhQ2EDV9vH,https://drive.google.com/file/d/1mTMNSa2_g1itE1VTcb-jBMyhQ2EDV9vH/view?usp=drivesdk
drv0036.pdf,140968,1RFCB9ZPg7HnHD_hw1k2d9dz_ML2OoPSY,https://drive.google.com/file/d/1RFCB9ZPg7HnHD_hw1k2d9dz_ML2OoPSY/view?usp=drivesdk
drv0037.pdf,124290,181In6VcRGaN-xo0t0e2OcwfOeUFY8536,https://drive.google.com/file/d/181In6VcRGaN-xo0t0e2OcwfOeUFY8536/view?usp=drivesdk
drv0038.pdf,829000,17RSsMTnDelA20xZJD6nnJA-ohC8AKeIV,https://drive.google.com/file/d/17RSsMTnDelA20xZJD6nnJA-ohC8AKeIV/view?usp=drivesdk
drv0039.pdf,249082,1ylZzsJyLGffJ2SGqti9TqWPSL24z91UR,https://drive.google.com/file/d/1ylZzsJyLGffJ2SGqti9TqWPSL24z91UR/view?usp=drivesdk
drv0040.pdf,99069,15_jeZL1dwFdjLUXtPh0A6CPzom8kKTzM,https://drive.google.com/file/d/15_jeZL1dwFdjLUXtPh0A6CPzom8kKTzM/view?usp=drivesdk
drv0041.pdf,4103410,19pCSKYVwmEq2R4VY4zsQ7c5mJHT2ASDK,https://drive.google.com/file/d/19pCSKYVwmEq2R4VY4zsQ7c5mJHT2ASDK/view?usp=drivesdk
drv0042.pdf,1285929,1tOpxcygxEh7CePWjgy0x9ob2WQK9-BK-,https://drive.google.com/file/d/1tOpxcygxEh7CePWjgy0x9ob2WQK9-BK-/view?usp=drivesdk
drv0043.pdf,391922,1FZc8JKkrMlz2L6Qn2ZNp9m18pjEQuPPz,https://drive.google.com/file/d/1FZc8JKkrMlz2L6Qn2ZNp9m18pjEQuPPz/view?usp=drivesdk
drv0044.pdf,357931,1jtYfTtATK2kZdMK5vjuD-UwkGZGEqRLk,https://drive.google.com/file/d/1jtYfTtATK2kZdMK5vjuD-UwkGZGEqRLk/view?usp=drivesdk
drv0045.pdf,651437,1s51cJg9Tc_LpxGwHDMRUHc4rdLf5LySB,https://drive.google.com/file/d/1s51cJg9Tc_LpxGwHDMRUHc4rdLf5LySB/view?usp=drivesdk
drv0046.pdf,213574,1qfmmQWb2uWYMxsC5MvEcX0xVyTMd3gRr,https://drive.google.com/file/d/1qfmmQWb2uWYMxsC5MvEcX0xVyTMd3gRr/view?usp=drivesdk
drv0048.pdf,226061,1rDMIB37gWJ41HCRP5e4p4pxf8ScUEuJj,https://drive.google.com/file/d/1rDMIB37gWJ41HCRP5e4p4pxf8ScUEuJj/view?usp=drivesdk
drv0049.pdf,311680,1-it8AUGJIC1xClCeHp8X1--SOpWX0tzh,https://drive.google.com/file/d/1-it8AUGJIC1xClCeHp8X1--SOpWX0tzh/view?usp=drivesdk
drv0050.pdf,385423,13c0_uDq70PRk6FSOpN4sOhlrjERk_60G,https://drive.google.com/file/d/13c0_uDq70PRk6FSOpN4sOhlrjERk_60G/view?usp=drivesdk
drv0051.pdf,3605118,1Jsqi6I6VM1He3R7fBhpFrpxCpWMyBQuD,https://drive.google.com/file/d/1Jsqi6I6VM1He3R7fBhpFrpxCpWMyBQuD/view?usp=drivesdk
drv0052.pdf,2066854,1QbkaSLBDuALU7LVaWytJ5a9yeUXQ2vBJ,https://drive.google.com/file/d/1QbkaSLBDuALU7LVaWytJ5a9yeUXQ2vBJ/view?usp=drivesdk
drv0053.pdf,1202039,1tLLloOQ1vqO37o0v1Nbbpxy3dcPwYpoQ,https://drive.google.com/file/d/1tLLloOQ1vqO37o0v1Nbbpxy3dcPwYpoQ/view?usp=drivesdk
drv0056.pdf,7992,1qphTmqpH3wZxaegUe2mDqEWZuahY0kZI,https://drive.google.com/file/d/1qphTmqpH3wZxaegUe2mDqEWZuahY0kZI/view?usp=drivesdk
drv0057.pdf,5503,1mUhHWKQMHDNiuikG3dleUf3UZhXfgJa9,https://drive.google.com/file/d/1mUhHWKQMHDNiuikG3dleUf3UZhXfgJa9/view?usp=drivesdk
drv0058.pdf,11446,1kQ2R0B7ebWsLyj9KKbT_1PYrHuza7HiO,https://drive.google.com/file/d/1kQ2R0B7ebWsLyj9KKbT_1PYrHuza7HiO/view?usp=drivesdk
drv0059.pdf,5934,1NQicl5EY41TtjjN1FbmiaHkqLPIAsP5m,https://drive.google.com/file/d/1NQicl5EY41TtjjN1FbmiaHkqLPIAsP5m/view?usp=drivesdk
drv0060.pdf,8178,1E1AV0IyMajxs8sKxmT0kKO4twv0HQcDz,https://drive.google.com/file/d/1E1AV0IyMajxs8sKxmT0kKO4twv0HQcDz/view?usp=drivesdk
drv0061.pdf,7824,11elIgg5ZXIABiw3AB6f6IAV_tIHuXWEN,https://drive.google.com/file/d/11elIgg5ZXIABiw3AB6f6IAV_tIHuXWEN/view?usp=drivesdk
drv0062.pdf,7969,159rpm4fO5-yxJkZTZAH29iO9xWnEpYMe,https://drive.google.com/file/d/159rpm4fO5-yxJkZTZAH29iO9xWnEpYMe/view?usp=drivesdk
drv0062.pdf,7969,1fKt33jPAeH_V8OOsWhgOfOC_3hFHp22O,https://drive.google.com/file/d/1fKt33jPAeH_V8OOsWhgOfOC_3hFHp22O/view?usp=drivesdk
drv0063.pdf,6735,1TVM6wKuZUlcHyfJYA-om8I4cyW6veCGr,https://drive.google.com/file/d/1TVM6wKuZUlcHyfJYA-om8I4cyW6veCGr/view?usp=drivesdk
drv0063.pdf,6735,1Hl26Wt7RS-nRodP9-YtYUdKBDIQkVReI,https://drive.google.com/file/d/1Hl26Wt7RS-nRodP9-YtYUdKBDIQkVReI/view?usp=drivesdk
drv0064.pdf,7760,1c6VoIyltx6N8I_YVpkfq5HAgGNAUqYvv,https://drive.google.com/file/d/1c6VoIyltx6N8I_YVpkfq5HAgGNAUqYvv/view?usp=drivesdk
drv0064.pdf,7760,14nIUyEPd2BjHvbQ9pubfbwF2Sj75YyHW,https://drive.google.com/file/d/14nIUyEPd2BjHvbQ9pubfbwF2Sj75YyHW/view?usp=drivesdk
drv0065.pdf,9827,1ZxtiUd0iD8FsTM3IOOb2XlNixllOjeO8,https://drive.google.com/file/d/1ZxtiUd0iD8FsTM3IOOb2XlNixllOjeO8/view?usp=drivesdk
drv0065.pdf,9827,1v0jrMzrUFdrQfnYWfAOzdyVtfhywulwX,https://drive.google.com/file/d/1v0jrMzrUFdrQfnYWfAOzdyVtfhywulwX/view?usp=drivesdk
drv0066.pdf,268678,1bidYEtlRyS8ZSSyOcnkz6_4rdc_8vtF9,https://drive.google.com/file/d/1bidYEtlRyS8ZSSyOcnkz6_4rdc_8vtF9/view?usp=drivesdk
drv0066.pdf,268678,1XZHlyCu32uZcWoliKHHoYDye4WPvkpvV,https://drive.google.com/file/d/1XZHlyCu32uZcWoliKHHoYDye4WPvkpvV/view?usp=drivesdk
drv0067.pdf,8531,1fGJ5lccNabJodoiz44j-TbGIcIja4FoC,https://drive.google.com/file/d/1fGJ5lccNabJodoiz44j-TbGIcIja4FoC/view?usp=drivesdk
drv0067.pdf,8531,1Wbvg9PfHuq5g7nni-lidD2TERcFA1ZLx,https://drive.google.com/file/d/1Wbvg9PfHuq5g7nni-lidD2TERcFA1ZLx/view?usp=drivesdk
drv0068.pdf,10054,160chOAH5L3lWzZgBzr19x_mM89k5UYPI,https://drive.google.com/file/d/160chOAH5L3lWzZgBzr19x_mM89k5UYPI/view?usp=drivesdk
drv0069.pdf,9312,1DvUidN1KqZM4IlaZZwB1zBGZaYM1D0GQ,https://drive.google.com/file/d/1DvUidN1KqZM4IlaZZwB1zBGZaYM1D0GQ/view?usp=drivesdk
drv0070.pdf,7720,1FWf8UIf71t2WS3Fd2uKwjAQ7rpN8qXSP,https://drive.google.com/file/d/1FWf8UIf71t2WS3Fd2uKwjAQ7rpN8qXSP/view?usp=drivesdk
drv0071.pdf,13354,1-xWhELc3NQ1y3h3BJ3Wfu4ZmQWWIlbvI,https://drive.google.com/file/d/1-xWhELc3NQ1y3h3BJ3Wfu4ZmQWWIlbvI/view?usp=drivesdk
drv0072.pdf,6328,1l3bMk74fFtDytdRQNXLLLtB_CnukGoAA,https://drive.google.com/file/d/1l3bMk74fFtDytdRQNXLLLtB_CnukGoAA/view?usp=drivesdk
drv0073.pdf,4637,1sa3rN3SFJCSpqIK0fyxvwkivHjV6xd7r,https://drive.google.com/file/d/1sa3rN3SFJCSpqIK0fyxvwkivHjV6xd7r/view?usp=drivesdk
drv0074.pdf,10958,1mfSbJ55B3mVvV_LyxH7nD4nQKlXwrw2g,https://drive.google.com/file/d/1mfSbJ55B3mVvV_LyxH7nD4nQKlXwrw2g/view?usp=drivesdk
drv0075.pdf,8369,1k52RvMwxZWplE1YtSDbwqkoeeV18P0ih,https://drive.google.com/file/d/1k52RvMwxZWplE1YtSDbwqkoeeV18P0ih/view?usp=drivesdk
drv0076.pdf,7822,1Qqs3w7fEAi6HdPLlDh7i3DDBQ1sfOV3r,https://drive.google.com/file/d/1Qqs3w7fEAi6HdPLlDh7i3DDBQ1sfOV3r/view?usp=drivesdk
drv0077.pdf,9012,1bGwXGcuX0wbPricbG1V362gBoz_60Sxf,https://drive.google.com/file/d/1bGwXGcuX0wbPricbG1V362gBoz_60Sxf/view?usp=drivesdk
drv0078.pdf,9940,1qyufceW4ILPWq29_Y1TPeTYoz5VARMgn,https://drive.google.com/file/d/1qyufceW4ILPWq29_Y1TPeTYoz5VARMgn/view?usp=drivesdk
drv0079.pdf,8036,1rOxvycONB1IgBRWZOueRrr-r5RUADtfv,https://drive.google.com/file/d/1rOxvycONB1IgBRWZOueRrr-r5RUADtfv/view?usp=drivesdk
drv0080.pdf,16385,17vMRWefJebiHffH0eeA2mvDlJKC8rTwA,https://drive.google.com/file/d/17vMRWefJebiHffH0eeA2mvDlJKC8rTwA/view?usp=drivesdk
drv0081.pdf,13528,10ZAUJfkGVxoa2eVd_R4RYxMSqtM-xrWO,https://drive.google.com/file/d/10ZAUJfkGVxoa2eVd_R4RYxMSqtM-xrWO/view?usp=drivesdk
drv0082.pdf,7386,1sZXyoUQGYNPKt1itqAjRSOh1zf3ABwVM,https://drive.google.com/file/d/1sZXyoUQGYNPKt1itqAjRSOh1zf3ABwVM/view?usp=drivesdk
drv0083.pdf,10232,1R604dp5hdGf1pSxyWlkS8Xu7gYR-wpwT,https://drive.google.com/file/d/1R604dp5hdGf1pSxyWlkS8Xu7gYR-wpwT/view?usp=drivesdk
drv0084.pdf,14450,1YjVaOT-xNf-t0tQGPNvRDpDgMHcbgHWy,https://drive.google.com/file/d/1YjVaOT-xNf-t0tQGPNvRDpDgMHcbgHWy/view?usp=drivesdk
drv0085.pdf,18104,1Xx3S0JvpDpNdkAPz5tn1HRhYiC0sLfo8,https://drive.google.com/file/d/1Xx3S0JvpDpNdkAPz5tn1HRhYiC0sLfo8/view?usp=drivesdk
drv0086.pdf,6352,1yvV3WR4lKddZyhm7gIzdbk1-0_lsJDez,https://drive.google.com/file/d/1yvV3WR4lKddZyhm7gIzdbk1-0_lsJDez/view?usp=drivesdk
drv0087.pdf,7986,1zvZrzpxCr9gY4sJZCg79bJEOVrwYF3tB,https://drive.google.com/file/d/1zvZrzpxCr9gY4sJZCg79bJEOVrwYF3tB/view?usp=drivesdk
drv0088.pdf,16228,1LIjshDNSIp_q2GCTUoX-xcEwspkVPQzo,https://drive.google.com/file/d/1LIjshDNSIp_q2GCTUoX-xcEwspkVPQzo/view?usp=drivesdk
drv0089.pdf,7317,1bTMlxgM8mvUCFLR5w8u3w5lyvJowU5OT,https://drive.google.com/file/d/1bTMlxgM8mvUCFLR5w8u3w5lyvJowU5OT/view?usp=drivesdk
drv0090.pdf,5743,1OEYjHKwZTLLfm9COPRB6Bdd-Yt8hQwDS,https://drive.google.com/file/d/1OEYjHKwZTLLfm9COPRB6Bdd-Yt8hQwDS/view?usp=drivesdk
drv0091.pdf,10301,109_wlqHezYE_EZvjvcnoaVn7K3vRahAI,https://drive.google.com/file/d/109_wlqHezYE_EZvjvcnoaVn7K3vRahAI/view?usp=drivesdk
drv0092.pdf,10536,1KHYcNJ3_w5snJ6T7VceOsHIK7QE-g6Of,https://drive.google.com/file/d/1KHYcNJ3_w5snJ6T7VceOsHIK7QE-g6Of/view?usp=drivesdk
drv0093.pdf,15163,1j-G5ezgT_x2f_fuMnDtEp6T8AfLQrINK,https://drive.google.com/file/d/1j-G5ezgT_x2f_fuMnDtEp6T8AfLQrINK/view?usp=drivesdk
dying-of-shame-forensic-analysis.pdf,13326,1-rIRqY6_3N-qcVRpN7YqiVPXKmLeAmi5,https://drive.google.com/file/d/1-rIRqY6_3N-qcVRpN7YqiVPXKmLeAmi5/view?usp=drivesdk
elijah-jesus-crystal-barran.pdf,3702129,1IcWmZPMjmETN0F12OqslUeNcPckLUhU8,https://drive.google.com/file/d/1IcWmZPMjmETN0F12OqslUeNcPckLUhU8/view?usp=drivesdk
Elijah_Jesus_Crystal_&_Barran__1785226637029.pdf,4547130,1T-2LlxL2jgq0bQnetwPyIDg3dExWbNlU,https://drive.google.com/file/d/1T-2LlxL2jgq0bQnetwPyIDg3dExWbNlU/view?usp=drivesdk
eliven_chain_144_questions.pdf,5477571,1p27-xevMBf4OhU4XuXkd0D4DKgWXSUzJ,https://drive.google.com/file/d/1p27-xevMBf4OhU4XuXkd0D4DKgWXSUzJ/view?usp=drivesdk
eliven_chain_has_been_summoned.pdf,6079534,1_FFrK3kq6E1E8tKXkHcy-U1XV5dzstp-,https://drive.google.com/file/d/1_FFrK3kq6E1E8tKXkHcy-U1XV5dzstp-/view?usp=drivesdk
emergency-relocation-court-may-2026.pdf,1509175,1MAs_MHCKutYm6PnneKKRYPE7vNE5prZ_,https://drive.google.com/file/d/1MAs_MHCKutYm6PnneKKRYPE7vNE5prZ_/view?usp=drivesdk
enliven_chain_has_been_summoned.pdf,5492053,16_ZRY4rRRRLaSXkC9TMEfP-hnx74GnXz,https://drive.google.com/file/d/16_ZRY4rRRRLaSXkC9TMEfP-hnx74GnXz/view?usp=drivesdk
enliven_chain_has_been_summoned_2.pdf,5488911,12_rbHpbz3tyQztAOQBzbsbkHpGuB0TjK,https://drive.google.com/file/d/12_rbHpbz3tyQztAOQBzbsbkHpGuB0TjK/view?usp=drivesdk
evidence-archive-240-blockchain-sealed-documents.pdf,17262594,105PsgjCOLWZWimQytuvhS6a0h7cWy1QX,https://drive.google.com/file/d/105PsgjCOLWZWimQytuvhS6a0h7cWy1QX/view?usp=drivesdk
Evidence_Archive_240_Blockchain_Sealed_Documents.pdf,54708347,15lRObP578K_QL_lXcZmxxZ7r3rUk6MN-,https://drive.google.com/file/d/15lRObP578K_QL_lXcZmxxZ7r3rUk6MN-/view?usp=drivesdk
Evidence_Archive_—_240+_Blockchain-Sealed_Documents_The_Govern_1786067842047.pdf,18108940,1FfcHoHQsq9qgXTm5dduv0XidtWVGKHwX,https://drive.google.com/file/d/1FfcHoHQsq9qgXTm5dduv0XidtWVGKHwX/view?usp=drivesdk
Evidence_Archive_—_240+_Blockchain-Sealed_Documents_The_Govern_1786069731513.pdf,18267367,1_575YLpyYYjh20QdDvI021l95uNpSgHn,https://drive.google.com/file/d/1_575YLpyYYjh20QdDvI021l95uNpSgHn/view?usp=drivesdk
Evidence_Archive_—_240+_Blockchain-Sealed_Documents_The_Govern_1786071349629.pdf,22284086,1tBEVLDOShHxbAMcMMSKHrOskUYz-aRgg,https://drive.google.com/file/d/1tBEVLDOShHxbAMcMMSKHrOskUYz-aRgg/view?usp=drivesdk
false-sister-forensic-analysis.pdf,12889,12IjL9D4JDVE2kPDI7R3rVztptZtt1cpn,https://drive.google.com/file/d/12IjL9D4JDVE2kPDI7R3rVztptZtt1cpn/view?usp=drivesdk
federal-court-pid-assessment-2023.pdf,1999371,1B0tMh-VnuZSr0VLzr5AZ1itjB33NMMrI,https://drive.google.com/file/d/1B0tMh-VnuZSr0VLzr5AZ1itjB33NMMrI/view?usp=drivesdk
federal-court-sia-lagos-pid-march-2023.pdf,17888197,1RS7spJmipnJk9T4EO-POZBzoScwMSpfE,https://drive.google.com/file/d/1RS7spJmipnJk9T4EO-POZBzoScwMSpfE/view?usp=drivesdk
federal-court-three-point-acknowledgment-tredwell-27mar2023.pdf,2057582,10rTEWuCDA5jZ87mHpscdpaZ9FZxNxEw8,https://drive.google.com/file/d/10rTEWuCDA5jZ87mHpscdpaZ9FZxNxEw8/view?usp=drivesdk
fih_third_party_authorisation.pdf,2029042,1yygWsspNk-WsSpcaR8Q84iKPdJ7gYYu-,https://drive.google.com/file/d/1yygWsspNk-WsSpcaR8Q84iKPdJ7gYYu-/view?usp=drivesdk
forensic-analysis-01-bro-this-isnt-a-coincidence.pdf,12821,1OpLjUn5KN_wC1n00tq9n6d1x17Nbjy3e,https://drive.google.com/file/d/1OpLjUn5KN_wC1n00tq9n6d1x17Nbjy3e/view?usp=drivesdk
forensic-analysis-02-chosen-ones-enough-is-enough.pdf,12990,1fpRJcLjHBrbvGTmg7atdxjWAuXOBwNBL,https://drive.google.com/file/d/1fpRJcLjHBrbvGTmg7atdxjWAuXOBwNBL/view?usp=drivesdk
forensic-analysis-03-no-one-could-be-that-smart.pdf,12823,1kfJXis0VSE5Rbvc74HfhDwotDsDPJRKJ,https://drive.google.com/file/d/1kfJXis0VSE5Rbvc74HfhDwotDsDPJRKJ/view?usp=drivesdk
forensic-analysis-04-the-divine-exam.pdf,12759,1Zwtpcf0KeW1-0nPmvOv3fTW_xut9Uzc_,https://drive.google.com/file/d/1Zwtpcf0KeW1-0nPmvOv3fTW_xut9Uzc_/view?usp=drivesdk
forensic-analysis-05-silent-checkmate.pdf,12625,1lZ0dgxcP6yO8PXzW4zPGaUTwfb7dzoiD,https://drive.google.com/file/d/1lZ0dgxcP6yO8PXzW4zPGaUTwfb7dzoiD/view?usp=drivesdk
forensic-analysis-06-now-everybody-knows.pdf,12678,1rZd8QZ3xzM_-f9jw5dAIdE62d84lBFEF,https://drive.google.com/file/d/1rZd8QZ3xzM_-f9jw5dAIdE62d84lBFEF/view?usp=drivesdk
forensic-analysis-07-chosen-one-outcast-leader.pdf,12621,1jlPl8m7BLs3eM2svl5xm6HQBG_6Cq5Ev,https://drive.google.com/file/d/1jlPl8m7BLs3eM2svl5xm6HQBG_6Cq5Ev/view?usp=drivesdk
forensic-analysis-08-someone-slipped-up.pdf,12668,1Eyzxi-noBryOfkq9wyZ3ceN3qzX6DYs1,https://drive.google.com/file/d/1Eyzxi-noBryOfkq9wyZ3ceN3qzX6DYs1/view?usp=drivesdk
forensic-analysis-09-they-fumbled-you.pdf,12816,1abgzh9NHXzsHgAbFBha_JZd8cUzMarNr,https://drive.google.com/file/d/1abgzh9NHXzsHgAbFBha_JZd8cUzMarNr/view?usp=drivesdk
forensic-analysis-10-fbi-precision.pdf,12670,1xYHJ9yBW34IYb1uojs2HEDI4y9sQ06bu,https://drive.google.com/file/d/1xYHJ9yBW34IYb1uojs2HEDI4y9sQ06bu/view?usp=drivesdk
forensic-analysis-11-clock-strikes-back.pdf,12573,14KwluzAiHRsIA9NfX103jV1e-jbbVoAG,https://drive.google.com/file/d/14KwluzAiHRsIA9NfX103jV1e-jbbVoAG/view?usp=drivesdk
forensic-analysis-12-untouchable.pdf,12622,1W7nMTo0_UzsLvXqhhGJb1gxRGlx_Uxd-,https://drive.google.com/file/d/1W7nMTo0_UzsLvXqhhGJb1gxRGlx_Uxd-/view?usp=drivesdk
forensic-analysis-13-final-blow.pdf,12591,1uNb7KBcYMyeceGl5krb3wxbZY11fhDx5,https://drive.google.com/file/d/1uNb7KBcYMyeceGl5krb3wxbZY11fhDx5/view?usp=drivesdk
forensic-analysis-14-what-you-become.pdf,12685,1EZZ77lPBJcJ5ZzcDDZd6NI0WTFaaGcFK,https://drive.google.com/file/d/1EZZ77lPBJcJ5ZzcDDZd6NI0WTFaaGcFK/view?usp=drivesdk
forensic-analysis-15-everyone-watching.pdf,12676,1cjVC1K-3w1Hnxp_y5KsxikhZdY4RgLBf,https://drive.google.com/file/d/1cjVC1K-3w1Hnxp_y5KsxikhZdY4RgLBf/view?usp=drivesdk
forensic-analysis-16-earth-angel.pdf,12621,1GcZ9s3iGn2VY8Bvqeyb0_Ww_TV5K7hTU,https://drive.google.com/file/d/1GcZ9s3iGn2VY8Bvqeyb0_Ww_TV5K7hTU/view?usp=drivesdk
forensic-analysis-17-too-deep.pdf,12620,1NCGAplJAamkcd-dnTNSjipCeQqHM8P6L,https://drive.google.com/file/d/1NCGAplJAamkcd-dnTNSjipCeQqHM8P6L/view?usp=drivesdk
forensic-analysis-18-silence-surrender.pdf,12599,1RZRchE6VXKl1KBoeU9dOJPn1bAg8lUk1,https://drive.google.com/file/d/1RZRchE6VXKl1KBoeU9dOJPn1bAg8lUk1/view?usp=drivesdk
forensic-analysis-19-fearless-intelligence.pdf,12584,1G6x-_CW-FxNsPKVxjzInwIqHvhyOxh5i,https://drive.google.com/file/d/1G6x-_CW-FxNsPKVxjzInwIqHvhyOxh5i/view?usp=drivesdk
forensic-analysis-20-history-keeps-receipts.pdf,12494,1IZ_Tcorc3nAAEDDAF1fZHWawA73Rk-Nd,https://drive.google.com/file/d/1IZ_Tcorc3nAAEDDAF1fZHWawA73Rk-Nd/view?usp=drivesdk
forensic-analysis-21-absorbed-the-erasure.pdf,12671,1qIIDfSUyVLBd1mkSltjV_RK-6s-kO9P8,https://drive.google.com/file/d/1qIIDfSUyVLBd1mkSltjV_RK-6s-kO9P8/view?usp=drivesdk
forensic-analysis-22-survival-was-the-warning.pdf,12612,11K7DrMqLOJu1STNr3J6rBSRKyXyRGaPn,https://drive.google.com/file/d/11K7DrMqLOJu1STNr3J6rBSRKyXyRGaPn/view?usp=drivesdk
forensic-analysis-23-god-will-make-you-famous.pdf,12553,1jcqTt1jCNprEW9ofcBAl1p0eKu8yUqGw,https://drive.google.com/file/d/1jcqTt1jCNprEW9ofcBAl1p0eKu8yUqGw/view?usp=drivesdk
forensic-analysis-24-divine-before-your-time.pdf,12584,1tGPylDySKcT8a0l9BP2kYFBLI3RVDjKY,https://drive.google.com/file/d/1tGPylDySKcT8a0l9BP2kYFBLI3RVDjKY/view?usp=drivesdk
forensic-analysis-25-bloodline-of-god.pdf,12587,1gJpqZssJr6xfGdS-77dg7Ucc2jquA08D,https://drive.google.com/file/d/1gJpqZssJr6xfGdS-77dg7Ucc2jquA08D/view?usp=drivesdk
forensic-analysis-26-the-last-god.pdf,12621,1_zT6Z14QGSxBjEUlXVc-AtxcLIQTDchi,https://drive.google.com/file/d/1_zT6Z14QGSxBjEUlXVc-AtxcLIQTDchi/view?usp=drivesdk
forensic-analysis-27-the-conspiracy-against-you.pdf,12613,1vIXT1M6BKFWkZnlHWtDBzj16rcYVYhRO,https://drive.google.com/file/d/1vIXT1M6BKFWkZnlHWtDBzj16rcYVYhRO/view?usp=drivesdk
forensic-analysis-28-silent-assassin.pdf,12708,11C_MPwPMAJbFiLDn2dzVQBqrq3DcO6HB,https://drive.google.com/file/d/11C_MPwPMAJbFiLDn2dzVQBqrq3DcO6HB/view?usp=drivesdk
forensic-analysis-29-truth-is-a-blade.pdf,12622,1abPME3o5TBdIey8MEuCnpeKmLhy2TQU8,https://drive.google.com/file/d/1abPME3o5TBdIey8MEuCnpeKmLhy2TQU8/view?usp=drivesdk
forensic-analysis-30-bloodline-betrayal.pdf,12621,1w5UglTXk4GCs0IwvzQg3OF_Z9Q7XFgva,https://drive.google.com/file/d/1w5UglTXk4GCs0IwvzQg3OF_Z9Q7XFgva/view?usp=drivesdk
forensic-analysis-31-they-needed-an-army.pdf,12622,1kungjaHmuyhjbvBf-1adKS0yJ8oEuMuf,https://drive.google.com/file/d/1kungjaHmuyhjbvBf-1adKS0yJ8oEuMuf/view?usp=drivesdk
forensic-analysis-32-the-sick-truth-is-out.pdf,12582,1ekKDmHwnpqWWdmVv18PcOJwKxBTeZw_J,https://drive.google.com/file/d/1ekKDmHwnpqWWdmVv18PcOJwKxBTeZw_J/view?usp=drivesdk
forensic-analysis-33-some-truths-dont-whisper.pdf,12591,1zDbgZrnGU_dxJ6aNNDtp-ocbSOut2QTY,https://drive.google.com/file/d/1zDbgZrnGU_dxJ6aNNDtp-ocbSOut2QTY/view?usp=drivesdk
forensic-analysis-34-observers-anticipated-a-misstep.pdf,12584,1Pbm9cwoZXqCXPB3MYTsVZOnuyILYpgdB,https://drive.google.com/file/d/1Pbm9cwoZXqCXPB3MYTsVZOnuyILYpgdB/view?usp=drivesdk
forensic-analysis-35-you-brought-receipts-to-a-vibe-war.pdf,12640,1d3vxDFPA8GkyA2-Sc3uztEF1ujhB0whY,https://drive.google.com/file/d/1d3vxDFPA8GkyA2-Sc3uztEF1ujhB0whY/view?usp=drivesdk
forensic-analysis-36-the-future-doesnt-announce-itself.pdf,12553,1qkYtr8KH3-L6eUJc6EdQaldKdHVoHlQ2,https://drive.google.com/file/d/1qkYtr8KH3-L6eUJc6EdQaldKdHVoHlQ2/view?usp=drivesdk
forensic-analysis-37-when-heaven-goes-silent.pdf,12519,1gF_MLV2GKpPGkZ-UClDkyqiTaGgvbduc,https://drive.google.com/file/d/1gF_MLV2GKpPGkZ-UClDkyqiTaGgvbduc/view?usp=drivesdk
forensic-analysis-38-evidence-doesnt-whisper-it-stares.pdf,12588,1m85O2307ts45zE99YwbCaJgOXVvxw-Eg,https://drive.google.com/file/d/1m85O2307ts45zE99YwbCaJgOXVvxw-Eg/view?usp=drivesdk
forensic-analysis-39-outsider-pattern-recognition.pdf,12770,1tJMfTB-fWj4SMTqN8p2UDUxqpsa7H93C,https://drive.google.com/file/d/1tJMfTB-fWj4SMTqN8p2UDUxqpsa7H93C/view?usp=drivesdk
forensic-analysis-40-perception-is-protection.pdf,12696,1T2_JcNFjgRhK_CACvqo6gcdpvsWegIrs,https://drive.google.com/file/d/1T2_JcNFjgRhK_CACvqo6gcdpvsWegIrs/view?usp=drivesdk
forensic-analysis-41-heaven-exposes-the-sister.pdf,13176,1UP0PE1_N4hWZnUTBLcY7Ivetpukq7Kl3,https://drive.google.com/file/d/1UP0PE1_N4hWZnUTBLcY7Ivetpukq7Kl3/view?usp=drivesdk
forensic-analysis-42-you-built-your-peace-in-silence.pdf,13119,1INDpcW7pBSf4uCA416CqdxgUTsBRS2O5,https://drive.google.com/file/d/1INDpcW7pBSf4uCA416CqdxgUTsBRS2O5/view?usp=drivesdk
forensic-analysis-43-this-is-the-reckoning.pdf,13250,1awmUDtD7eDqM5xa98ZMZlUklDuse1zlU,https://drive.google.com/file/d/1awmUDtD7eDqM5xa98ZMZlUklDuse1zlU/view?usp=drivesdk
forensic-analysis-44-they-made-you-famous-trying-to-erase-you.pdf,12301,1t-mp_Tt1BY2hvORiS-JotOSU_i0Ohm5P,https://drive.google.com/file/d/1t-mp_Tt1BY2hvORiS-JotOSU_i0Ohm5P/view?usp=drivesdk
forensic-analysis-45-the-loudest-enemies.pdf,15905,1JwVbExby_yq7TGDWLnwcydHclamysUxr,https://drive.google.com/file/d/1JwVbExby_yq7TGDWLnwcydHclamysUxr/view?usp=drivesdk
forensic-analysis-46-your-power-is-no-joke.pdf,13799,1u3kLSjzamBM_xk1NeS5Q8EJAFQjautdW,https://drive.google.com/file/d/1u3kLSjzamBM_xk1NeS5Q8EJAFQjautdW/view?usp=drivesdk
forensic-analysis-47-they-built-their-worst-nightmare.pdf,13448,1vRjAQU7tn4P4fuJi_FTWrMNti6xVZPab,https://drive.google.com/file/d/1vRjAQU7tn4P4fuJi_FTWrMNti6xVZPab/view?usp=drivesdk
forensic-analysis-48-quiet-storm-they-never-saw-coming.pdf,13583,1-pYEfBwA8h-uShV7ufzsKex6WbHULoCV,https://drive.google.com/file/d/1-pYEfBwA8h-uShV7ufzsKex6WbHULoCV/view?usp=drivesdk
forensic-analysis-49-they-dug-for-dirt-but-unearthed-diamonds.pdf,13420,1M3fLeHDOF7VzgvPaHGZtQ1H9bXD_QRWL,https://drive.google.com/file/d/1M3fLeHDOF7VzgvPaHGZtQ1H9bXD_QRWL/view?usp=drivesdk
forensic-analysis-50-confession-theyve-been-choking-on.pdf,13590,1uUU3RXT3_1UK_V_xsMHzIgf8GMvvpriR,https://drive.google.com/file/d/1uUU3RXT3_1UK_V_xsMHzIgf8GMvvpriR/view?usp=drivesdk
forensic-analysis-51-loudest-hate-weakest-link.pdf,13799,1jF3fMkJxDTBZdFguhE7vFZkIZO4Wvg17,https://drive.google.com/file/d/1jF3fMkJxDTBZdFguhE7vFZkIZO4Wvg17/view?usp=drivesdk
forensic-analysis-52-you-didnt-chase-the-throne-you-became-one.pdf,13648,1Z6jLPE7ijq51vgrPiaM2FecqO5Dur6hT,https://drive.google.com/file/d/1Z6jLPE7ijq51vgrPiaM2FecqO5Dur6hT/view?usp=drivesdk
forensic-analysis-57-prophetic-declaration.pdf,4253690,1wHTeGXbnyh64ytxkquavg30OA6R-YPwH,https://drive.google.com/file/d/1wHTeGXbnyh64ytxkquavg30OA6R-YPwH/view?usp=drivesdk
forensic-analysis-57-they-built-their-empire-in-the-dark.pdf,14172,1ToAoymZxiXGdfh1swIr3fHIvjUoZ98SJ,https://drive.google.com/file/d/1ToAoymZxiXGdfh1swIr3fHIvjUoZ98SJ/view?usp=drivesdk
forensic-analysis-58-prophetic-fck-you-declaration.pdf,4253724,1yMKi1bf-Scj-sNTZlxy9ilhU5LdkchYg,https://drive.google.com/file/d/1yMKi1bf-Scj-sNTZlxy9ilhU5LdkchYg/view?usp=drivesdk
forensic-analysis-69-3am-briefing-corroboration.pdf,4609627,1UaK_4XA5R9f-hn-EMDToJGcfYj4bTf22,https://drive.google.com/file/d/1UaK_4XA5R9f-hn-EMDToJGcfYj4bTf22/view?usp=drivesdk
forensic-analysis-70-government-own-file-corroboration.pdf,4609670,1BEt2RwSZ79z6YhCMnUNrbfvhFmUAyn3A,https://drive.google.com/file/d/1BEt2RwSZ79z6YhCMnUNrbfvhFmUAyn3A/view?usp=drivesdk
forensic-analysis-71-chosen-one-corroboration.pdf,33822,1mekaxvMetrtvDxtYSPypM_Oiw-d4lB4W,https://drive.google.com/file/d/1mekaxvMetrtvDxtYSPypM_Oiw-d4lB4W/view?usp=drivesdk
forensic-analysis-71-vault-access-corroboration.pdf,4610000,1C4Ratogho6aDmTdpRyLmfgJ4FE_sKUYV,https://drive.google.com/file/d/1C4Ratogho6aDmTdpRyLmfgJ4FE_sKUYV/view?usp=drivesdk
forensic-analysis-72-fight-over-you.pdf,32300,1s7k4Hvti1au8yZU0bdEWxpT102xd3zmH,https://drive.google.com/file/d/1s7k4Hvti1au8yZU0bdEWxpT102xd3zmH/view?usp=drivesdk
forensic-analysis-73-silence-surrender-corroboration.pdf,31339,15OKSu0gKMM648Di_h5XjT999gmiWykSC,https://drive.google.com/file/d/15OKSu0gKMM648Di_h5XjT999gmiWykSC/view?usp=drivesdk
forensic-analysis-75-buried-lies-choking-dirt.pdf,36339,1TrWSLpEsWQqF-nSMl1L7666-_Gu4BuiI,https://drive.google.com/file/d/1TrWSLpEsWQqF-nSMl1L7666-_Gu4BuiI/view?usp=drivesdk
forensic-analysis-methodology-impartial-ai.pdf,395100,1-fDxDbsKGZXu52SwljCZbuQv1Z5cjeO9,https://drive.google.com/file/d/1-fDxDbsKGZXu52SwljCZbuQv1Z5cjeO9/view?usp=drivesdk
forensic-analysis-youtube-chosen-ones-tortured.pdf,28333,18-ESYODx70_5f5kFey2of6bzZAt6IcbA,https://drive.google.com/file/d/18-ESYODx70_5f5kFey2of6bzZAt6IcbA/view?usp=drivesdk
forensic-analysis-youtube-they-are-going-to-jail.pdf,21993,1R1IyXvbSPdkIElVnySnVFQO3z-VqoJ45,https://drive.google.com/file/d/1R1IyXvbSPdkIElVnySnVFQO3z-VqoJ45/view?usp=drivesdk
forensic-audit-social-death-institutional-patterns.pdf,412536,1BD7U2CmWPLhU17EEs-8Vqh6PmvcfKfIA,https://drive.google.com/file/d/1BD7U2CmWPLhU17EEs-8Vqh6PmvcfKfIA/view?usp=drivesdk
forensic-comparative-analysis-whistleblowers.pdf,73691,1vFXULHwuITOZi979lCJsv-qh8Ih6IDHJ,https://drive.google.com/file/d/1vFXULHwuITOZi979lCJsv-qh8Ih6IDHJ/view?usp=drivesdk
forensic-corroboration-3am-briefing.pdf,12872,1giAP9sK6RObe_0FOlLSoSFxeP7xSKthe,https://drive.google.com/file/d/1giAP9sK6RObe_0FOlLSoSFxeP7xSKthe/view?usp=drivesdk
forensic-corroboration-analysis-instruction-original.pdf,1415040,13D1xdBetbyyMSqt0w2SDs4Oxthje-4nf,https://drive.google.com/file/d/13D1xdBetbyyMSqt0w2SDs4Oxthje-4nf/view?usp=drivesdk
forensic-corroboration-analysis-instruction.pdf,15157,1iZliS4b6tplM9zC7OeIdC5h77pS8qA_y,https://drive.google.com/file/d/1iZliS4b6tplM9zC7OeIdC5h77pS8qA_y/view?usp=drivesdk
forensic-corroboration-billionaire-circle.pdf,13227,1rCqgxn5rL6CJJJPQOWwS2LoQK1pXmNfF,https://drive.google.com/file/d/1rCqgxn5rL6CJJJPQOWwS2LoQK1pXmNfF/view?usp=drivesdk
forensic-corroboration-buried-lies.pdf,12999,181Np2nnIFdgP14eFYMw0CPGUBM8oSdLf,https://drive.google.com/file/d/181Np2nnIFdgP14eFYMw0CPGUBM8oSdLf/view?usp=drivesdk
forensic-corroboration-chosen-one-youtube.pdf,13244,1yNp3JRq7BrRh0haDZBZVxtdLHyfw-hOL,https://drive.google.com/file/d/1yNp3JRq7BrRh0haDZBZVxtdLHyfw-hOL/view?usp=drivesdk
forensic-corroboration-dirt-on-your-name.pdf,13141,1Pw0zaszAiKzDxPOoJFVQiBfEMK-Nrt5p,https://drive.google.com/file/d/1Pw0zaszAiKzDxPOoJFVQiBfEMK-Nrt5p/view?usp=drivesdk
forensic-corroboration-fight-over-you.pdf,13008,1JFfmTuM5lQ77X3OqWL5_o-juGyBEW2tF,https://drive.google.com/file/d/1JFfmTuM5lQ77X3OqWL5_o-juGyBEW2tF/view?usp=drivesdk
forensic-corroboration-fool-fire.pdf,13096,1c86jSsAl2c-UAHJp7Nkatk0S_D5jK-wb,https://drive.google.com/file/d/1c86jSsAl2c-UAHJp7Nkatk0S_D5jK-wb/view?usp=drivesdk
forensic-corroboration-government-own-file.pdf,12919,19gK5IECWMBB56kGRZzrfgNYYl7XxlZcq,https://drive.google.com/file/d/19gK5IECWMBB56kGRZzrfgNYYl7XxlZcq/view?usp=drivesdk
forensic-corroboration-knives-claps.pdf,12892,188GV8KhLZV1uFvVldSqUfj--nmwruOYX,https://drive.google.com/file/d/188GV8KhLZV1uFvVldSqUfj--nmwruOYX/view?usp=drivesdk
forensic-corroboration-making-history.pdf,13035,1_AkhlIEoOJUVcWkq9aqNOtg3dHAwxqDH,https://drive.google.com/file/d/1_AkhlIEoOJUVcWkq9aqNOtg3dHAwxqDH/view?usp=drivesdk
forensic-corroboration-project-halo.pdf,12988,1NkeJZ0z3oX-S19TpMZqXpNr1-B-TKmNQ,https://drive.google.com/file/d/1NkeJZ0z3oX-S19TpMZqXpNr1-B-TKmNQ/view?usp=drivesdk
forensic-corroboration-silence-surrender.pdf,12798,14ZFt9EvjbFAm8Hei_fGjO4oNZ9r0D71K,https://drive.google.com/file/d/14ZFt9EvjbFAm8Hei_fGjO4oNZ9r0D71K/view?usp=drivesdk
forensic-corroboration-still-standing.pdf,13202,1ySck7z3v5zXPaD8Glt8f7J9Ldgt9usNK,https://drive.google.com/file/d/1ySck7z3v5zXPaD8Glt8f7J9Ldgt9usNK/view?usp=drivesdk
forensic-corroboration-tactical-insanity.pdf,13363,1g5tuS-3Pz3T2auguUciFY5wfK99_eXz-,https://drive.google.com/file/d/1g5tuS-3Pz3T2auguUciFY5wfK99_eXz-/view?usp=drivesdk
forensic-corroboration-tick-tick-tick.pdf,12912,1VvqKK7V8CWTfXx78XkVXFns0_31kjZM7,https://drive.google.com/file/d/1VvqKK7V8CWTfXx78XkVXFns0_31kjZM7/view?usp=drivesdk
forensic-corroboration-truth-crawls-out-of-shadows.pdf,12752,13j6JGTMD5E8NbdUEpmja2ykPeadrvY-E,https://drive.google.com/file/d/13j6JGTMD5E8NbdUEpmja2ykPeadrvY-E/view?usp=drivesdk
forensic-corroboration-vault-access.pdf,13231,14er9dqn29yDrn2DRVlyKqtKXIcwSvaLb,https://drive.google.com/file/d/14er9dqn29yDrn2DRVlyKqtKXIcwSvaLb/view?usp=drivesdk
forensic-economic-valuation-report-may-2026.pdf,5381124,1_RgMq0lpsHM7owei-1SUH1Dd0dgK906b,https://drive.google.com/file/d/1_RgMq0lpsHM7owei-1SUH1Dd0dgK906b/view?usp=drivesdk
forensic-framework-unspoken-mandate.pdf,5101897,1KqgDJ1vkTmzW4ZTvTsMtqbHk04RZAZX3,https://drive.google.com/file/d/1KqgDJ1vkTmzW4ZTvTsMtqbHk04RZAZX3/view?usp=drivesdk
forensic-meltdown-report.pdf,4772076,1Sr48MZ2DLto68YYeRxKhrJdsHfJBW35C,https://drive.google.com/file/d/1Sr48MZ2DLto68YYeRxKhrJdsHfJBW35C/view?usp=drivesdk
forensic-perception-analysis-depth-they-couldnt-hold.pdf,12517,1GX2sD7vovrF4ZGB98VygEiGF7xvmlOXS,https://drive.google.com/file/d/1GX2sD7vovrF4ZGB98VygEiGF7xvmlOXS/view?usp=drivesdk
forensic-significance-2301-exhibit-longitudinal-record.pdf,5257529,1xcBinjEH3s1dYMtpi3pATMIPLYpGlhwY,https://drive.google.com/file/d/1xcBinjEH3s1dYMtpi3pATMIPLYpGlhwY/view?usp=drivesdk
forensic-significance-2301-exhibit.pdf,5256101,1JM4fDjY8jKO0B2SR_7n_9GMsNCT73kT5,https://drive.google.com/file/d/1JM4fDjY8jKO0B2SR_7n_9GMsNCT73kT5/view?usp=drivesdk
forensic-solo-mission-crowned.pdf,29648,126kuIS8pcFLvfDM6sNzbQkCkIurzhR0y,https://drive.google.com/file/d/126kuIS8pcFLvfDM6sNzbQkCkIurzhR0y/view?usp=drivesdk
Forensic_report_based_on_governments_own_documents_over_35_yea_1785920050219.pdf,155877,1aZ6inHByA445L3AQ0MEUxXb-MiY2hAL7,https://drive.google.com/file/d/1aZ6inHByA445L3AQ0MEUxXb-MiY2hAL7/view?usp=drivesdk
formal-notice-minister-mcallister-ndis-substitution.pdf,499431,1X6VlDh--4Qsu84r8wUuLPn3pZeSrzPwk,https://drive.google.com/file/d/1X6VlDh--4Qsu84r8wUuLPn3pZeSrzPwk/view?usp=drivesdk
formal-notice-non-consent.pdf,1188599,1SGhNhOP8Wt0F5d7BoO4TFia0LMYclTzE,https://drive.google.com/file/d/1SGhNhOP8Wt0F5d7BoO4TFia0LMYclTzE/view?usp=drivesdk
formal-removal-sukhi-tear-documentation.pdf,5158,1FN50WqzUOG8eR1_mDf8Iqyge8wjfFXdB,https://drive.google.com/file/d/1FN50WqzUOG8eR1_mDf8Iqyge8wjfFXdB/view?usp=drivesdk
full-government-oppression-every-agency.pdf,9103933,17ZzI7WhRG0YIgwe16u-tEXA33TzD6zjj,https://drive.google.com/file/d/17ZzI7WhRG0YIgwe16u-tEXA33TzD6zjj/view?usp=drivesdk
full-universal-master-command-forensic-analysis.pdf,4735065,1uNEiXBkeH_nsI3QlvpefVa1ijjFXVfY8,https://drive.google.com/file/d/1uNEiXBkeH_nsI3QlvpefVa1ijjFXVfY8/view?usp=drivesdk
Gmail_3_1786151059868.pdf,66103,1W-hQVJxgDl1ypdpqKFbokMf9VkSdIH96,https://drive.google.com/file/d/1W-hQVJxgDl1ypdpqKFbokMf9VkSdIH96/view?usp=drivesdk
Gmail_3_1786151136022.pdf,66103,129IoLieSLwfMExTQPzG2_13yqqD6JvzJ,https://drive.google.com/file/d/129IoLieSLwfMExTQPzG2_13yqqD6JvzJ/view?usp=drivesdk
god-and-justice-by-barran-dodger.pdf,4773185,1lmO7J4WPu09FtteyQ8QbN6AnFqgbGVqd,https://drive.google.com/file/d/1lmO7J4WPu09FtteyQ8QbN6AnFqgbGVqd/view?usp=drivesdk
gods-chosen-one-full-testimony-readable.pdf,169360,15wQmLXucQNyNnmpgaCoBoVgWExtu1EUX,https://drive.google.com/file/d/15wQmLXucQNyNnmpgaCoBoVgWExtu1EUX/view?usp=drivesdk
gods-chosen-one-testimony.pdf,29921,1O9sUsRCSmsYlK9hTlzzLkCUXSA8Lqg92,https://drive.google.com/file/d/1O9sUsRCSmsYlK9hTlzzLkCUXSA8Lqg92/view?usp=drivesdk
gods-fury-14-declarations-forensic-analysis.pdf,12873,1DbUlRX8fTJkPML_aoZ2PDPSEC783XIvy,https://drive.google.com/file/d/1DbUlRX8fTJkPML_aoZ2PDPSEC783XIvy/view?usp=drivesdk
gods-grace-barran-dodger.pdf,6571842,1jzMgJ-LDd_y3LtISVQ0PGa9CzTR4xlr7,https://drive.google.com/file/d/1jzMgJ-LDd_y3LtISVQ0PGa9CzTR4xlr7/view?usp=drivesdk
gods_media_release.pdf,9883476,17jHYKKGzNYRyQA-Fd89Ua4p_Mm_67nl9,https://drive.google.com/file/d/17jHYKKGzNYRyQA-Fd89Ua4p_Mm_67nl9/view?usp=drivesdk
Google_1785217520937.pdf,5291636,1pbpbY285l9tgQZEabHmaXD07XAsQMszs,https://drive.google.com/file/d/1pbpbY285l9tgQZEabHmaXD07XAsQMszs/view?usp=drivesdk
gospel_eliven_chain.pdf,4997506,16iIaILz9cYMsewrjAcHexHr6LgKnPU5U,https://drive.google.com/file/d/16iIaILz9cYMsewrjAcHexHr6LgKnPU5U/view?usp=drivesdk
gospel_of_barran_dodger_victory_2.pdf,5321112,1CJRdNboIpMcZYrTH-vSHORPX__vwdFid,https://drive.google.com/file/d/1CJRdNboIpMcZYrTH-vSHORPX__vwdFid/view?usp=drivesdk
gospel_of_the_eliven_chain.pdf,4997508,1poCW__ohRalGchSCWOkVQgd9on_ooYe5,https://drive.google.com/file/d/1poCW__ohRalGchSCWOkVQgd9on_ooYe5/view?usp=drivesdk
gospel_of_the_eliven_chain_2.pdf,4997508,1Nh4YxlyPN2mLm3n2xrY6nIjyL8dmRKuI,https://drive.google.com/file/d/1Nh4YxlyPN2mLm3n2xrY6nIjyL8dmRKuI/view?usp=drivesdk
gospel_of_the_enliven_chain_master_inventory.pdf,5191069,12UBarwgM-Y7BGtB2Iz6O0N-nh-GnfL5q,https://drive.google.com/file/d/12UBarwgM-Y7BGtB2Iz6O0N-nh-GnfL5q/view?usp=drivesdk
government-called-him-delusional.pdf,5199380,1XZVvz0MvSow3Qqv8W2UXokQIw2vZVPqS,https://drive.google.com/file/d/1XZVvz0MvSow3Qqv8W2UXokQIw2vZVPqS/view?usp=drivesdk
government-mandates-35-year-forensic-report.pdf,148056,16KY3iGK7PofDjf3jE0G_AajqA8MjGKKt,https://drive.google.com/file/d/16KY3iGK7PofDjf3jE0G_AajqA8MjGKKt/view?usp=drivesdk
grand-synthesis-of-witness.pdf,1134742,1NutxoyjZsMFouL23soc4xNZ4KfDaeh27,https://drive.google.com/file/d/1NutxoyjZsMFouL23soc4xNZ4KfDaeh27/view?usp=drivesdk
heaven-exposes-the-sister-forensic-analysis.pdf,12850,1FEO_uflMLQRFquZxBaC-hs3I0szq5YSu,https://drive.google.com/file/d/1FEO_uflMLQRFquZxBaC-hs3I0szq5YSu/view?usp=drivesdk
heaven-stood-forensic-report.pdf,12398,1w0aLF4XifNJO94NZkVEqWJ_-yXlSGTGr,https://drive.google.com/file/d/1w0aLF4XifNJO94NZkVEqWJ_-yXlSGTGr/view?usp=drivesdk
Historical_MKULTRA_Evidence_Barran_Dodger_Archive.pdf,80156,1fYml4brDUjFRstW4UVyDzAnBo2INk1NJ,https://drive.google.com/file/d/1fYml4brDUjFRstW4UVyDzAnBo2INk1NJ/view?usp=drivesdk
history-has-a-strange-habit.pdf,4742493,1Scbuh2pNrZNGWXlwLLQEnqzpn1WnQHew,https://drive.google.com/file/d/1Scbuh2pNrZNGWXlwLLQEnqzpn1WnQHew/view?usp=drivesdk
holy-reckoning-ndis-plea-declaration.pdf,12794,13UjiTlmIk2aB63Vk3_QLaXyevRCDYtPf,https://drive.google.com/file/d/13UjiTlmIk2aB63Vk3_QLaXyevRCDYtPf/view?usp=drivesdk
honey-trap-phillip-glass.pdf,4684540,1YZBVGXBJpAmTYVQfuPx254lPs2hUNpIF,https://drive.google.com/file/d/1YZBVGXBJpAmTYVQfuPx254lPs2hUNpIF/view?usp=drivesdk
how-she-will-be-remembered-sukhi-tear.pdf,13887,1TDNjmLKchcx7_b4znq3raTktwjHj44YI,https://drive.google.com/file/d/1TDNjmLKchcx7_b4znq3raTktwjHj44YI/view?usp=drivesdk
i-am-gods-chosen-one-declaration.pdf,4618882,16ZKpYpVF886UV-YcUg6XHggKQhs06N6F,https://drive.google.com/file/d/16ZKpYpVF886UV-YcUg6XHggKQhs06N6F/view?usp=drivesdk
i-choose-silence.pdf,4670031,1zij_6i5uh8GVrkkbXVmGZI1ObFca9ws8,https://drive.google.com/file/d/1zij_6i5uh8GVrkkbXVmGZI1ObFca9ws8/view?usp=drivesdk
i_tried_to_kill_barran_dodger_satire_2.pdf,5610236,1ND6jR23aaiBwH4r9vALC5_QHebwAGBeP,https://drive.google.com/file/d/1ND6jR23aaiBwH4r9vALC5_QHebwAGBeP/view?usp=drivesdk
ibac-police-secofficial-2021.pdf,189238,1THHRfI4GX3VtJzikrVtrQzbWBZiN8ERd,https://drive.google.com/file/d/1THHRfI4GX3VtJzikrVtrQzbWBZiN8ERd/view?usp=drivesdk
illegal-level-genius-forensic-report.pdf,13009,1wH3YP_MeJSkLLJGHg10AqE-KROoqr460,https://drive.google.com/file/d/1wH3YP_MeJSkLLJGHg10AqE-KROoqr460/view?usp=drivesdk
immortal-testimony-mclean-2025.pdf,4912958,1tjTdXNfW2BZoiW-FiXYFUz7F3e3Su178,https://drive.google.com/file/d/1tjTdXNfW2BZoiW-FiXYFUz7F3e3Su178/view?usp=drivesdk
impartial-ai-abstract-youtube-channel-evidence.pdf,4770121,1D_kKCRIbI2-RBV2N7eFqgsHL6BXPn8Ol,https://drive.google.com/file/d/1D_kKCRIbI2-RBV2N7eFqgsHL6BXPn8Ol/view?usp=drivesdk
impartial-ai-analysis-2343-documents.pdf,4653004,1QEVw2zyeQyAyxjQWns2qGTksTb296mrO,https://drive.google.com/file/d/1QEVw2zyeQyAyxjQWns2qGTksTb296mrO/view?usp=drivesdk
impartial-ai-statement-of-significance.pdf,4627899,1--tTIVkE7SZdNGDU5BEAA4qI05EoKmSQ,https://drive.google.com/file/d/1--tTIVkE7SZdNGDU5BEAA4qI05EoKmSQ/view?usp=drivesdk
interim-bsp-2024-sils-recommendation-richard-mclean.pdf,2349086,1hoVQOqG1nBAE74FDNcad7ri1p4f6lbKk,https://drive.google.com/file/d/1hoVQOqG1nBAE74FDNcad7ri1p4f6lbKk/view?usp=drivesdk
jane-abbott-ombudsman-tpd-dispute.pdf,47348,1stGqf3EGQqZFH5ozHTw4rr8vC_ZCVZ6G,https://drive.google.com/file/d/1stGqf3EGQqZFH5ozHTw4rr8vC_ZCVZ6G/view?usp=drivesdk
jane.abbott_was_the_ombudsman_TPD_1785820682149.pdf,41409,18tgw5d2aBTKjLNd5pa8Eb8XWcIOHc39z,https://drive.google.com/file/d/18tgw5d2aBTKjLNd5pa8Eb8XWcIOHc39z/view?usp=drivesdk
john-gotti-spiritual-realm-aura-shift.pdf,13260,1bs94qeLRFuOJruR57tER6oIeub8k_Xat,https://drive.google.com/file/d/1bs94qeLRFuOJruR57tER6oIeub8k_Xat/view?usp=drivesdk
josephs-coat-barrans-mantle-prophetic-parallel.pdf,4877219,1l0mWuP9NmwZpvZq_gZCtPgP2A2wSJpc2,https://drive.google.com/file/d/1l0mWuP9NmwZpvZq_gZCtPgP2A2wSJpc2/view?usp=drivesdk
josephs-coat-barrans-mantle.pdf,4521086,1bhQ3q8_UQjZmn0cZbLblaFatcetXkVs9,https://drive.google.com/file/d/1bhQ3q8_UQjZmn0cZbLblaFatcetXkVs9/view?usp=drivesdk
justice-letter-march-2022.pdf,31614,1xt3VN55zkugyDRSQHidC1sd-Q-tWC7LI,https://drive.google.com/file/d/1xt3VN55zkugyDRSQHidC1sd-Q-tWC7LI/view?usp=drivesdk
karma-audit-iasonidis-forensic-examination.pdf,39846,18IfFmcKELgE8VwvCDKHFYdp1e_VbGtq9,https://drive.google.com/file/d/18IfFmcKELgE8VwvCDKHFYdp1e_VbGtq9/view?usp=drivesdk
kel-graham-ndis-ministers-guilty-soliciting-murder.pdf,244468,12dD9HnxiUt6m_eYSebmIsAPXZkJAEthC,https://drive.google.com/file/d/12dD9HnxiUt6m_eYSebmIsAPXZkJAEthC/view?usp=drivesdk
Kel_graham_and_UnNamed_NDIS_ministers_guilty_of_soliciting_mur_1786090466399.pdf,254935,1E_g9FHPRLrK1c7Fpr_PLlg_gfFehy7uP,https://drive.google.com/file/d/1E_g9FHPRLrK1c7Fpr_PLlg_gfFehy7uP/view?usp=drivesdk
kill-him-timestamped-essay-by-barran-dodger-chosen-to-rise.pdf,4885955,1yNbP9_7NbSeJFOPxtWNNto00SAWTRAyX,https://drive.google.com/file/d/1yNbP9_7NbSeJFOPxtWNNto00SAWTRAyX/view?usp=drivesdk
kill-me-do-it-god-and-i-are-good-2.pdf,1460629,1lu-p63LuDAf63VV-tWqtfJez9D-Basfw,https://drive.google.com/file/d/1lu-p63LuDAf63VV-tWqtfJez9D-Basfw/view?usp=drivesdk
Kill_me_-_do_it_God_and_I_are_good_2_1786090466399.pdf,1469864,1KtfrrC-FxbCtX8I4Gj7M9Oy3sef4TIy7,https://drive.google.com/file/d/1KtfrrC-FxbCtX8I4Gj7M9Oy3sef4TIy7/view?usp=drivesdk
legal-cease-desist-served.pdf,474661,10YhAe4eBmvSGxwe8cCdot04uyEhuuJPh,https://drive.google.com/file/d/10YhAe4eBmvSGxwe8cCdot04uyEhuuJPh/view?usp=drivesdk
legal-demand-notice-failure-to-provide-sil-support.pdf,4424496,1Br5vnGWLitfIYlKcWyu1uV3_261ykRc4,https://drive.google.com/file/d/1Br5vnGWLitfIYlKcWyu1uV3_261ykRc4/view?usp=drivesdk
Legal_cease_and_desist_1785979421178.pdf,114197,1BFHR-om277p3B1nyz6kv7R2GHm-crzqh,https://drive.google.com/file/d/1BFHR-om277p3B1nyz6kv7R2GHm-crzqh/view?usp=drivesdk
letter-prime-minister-character-assassination.pdf,219159,1YXpaJlmExRfNnNDJ6YJHX0015UZLmwEu,https://drive.google.com/file/d/1YXpaJlmExRfNnNDJ6YJHX0015UZLmwEu/view?usp=drivesdk
letter-to-parliamentarians.pdf,41551,1WT2xTGKzL8IrLM0HFilgbKXxC1X65iik,https://drive.google.com/file/d/1WT2xTGKzL8IrLM0HFilgbKXxC1X65iik/view?usp=drivesdk
letter-to-sia-lagos-federal-court-pid-3mar2023.pdf,21985575,1z_YBzWRPoaWX6ONrw4eGbEOF_gaRk8Up,https://drive.google.com/file/d/1z_YBzWRPoaWX6ONrw4eGbEOF_gaRk8Up/view?usp=drivesdk
lgbtq-persecution-political-power-australia.pdf,1097560,1ZMeVLsfR2_wUQg9ZGo8DI_NjhfkvE8Ak,https://drive.google.com/file/d/1ZMeVLsfR2_wUQg9ZGo8DI_NjhfkvE8Ak/view?usp=drivesdk
live-murder-case-email-april-13-2026.pdf,4464958,1S_o8MTg_XJ7JiQyhHB1xzw3b_WFMcQQ4,https://drive.google.com/file/d/1S_o8MTg_XJ7JiQyhHB1xzw3b_WFMcQQ4/view?usp=drivesdk
living_scroll_unkillable_witness.pdf,4542974,16NBSvht-H9x_p_B8Yeh6qtVY_twDfiNM,https://drive.google.com/file/d/16NBSvht-H9x_p_B8Yeh6qtVY_twDfiNM/view?usp=drivesdk
longitudinal-archive-3643.pdf,733387,162EQMTe-YTxdI__FyPZ12DyK3A11Es2i,https://drive.google.com/file/d/162EQMTe-YTxdI__FyPZ12DyK3A11Es2i/view?usp=drivesdk
mark-dreyfus-2021-shadow-ag-directed-to-ombudsman.pdf,1995571,15I7UfZmTPRriSckj5TZ_OpIIyJRYbX_Y,https://drive.google.com/file/d/15I7UfZmTPRriSckj5TZ_OpIIyJRYbX_Y/view?usp=drivesdk
mark-dreyfus-video-transcript-barran-dodger.pdf,2682573,1CTgOkMUass2xVH8iAD144rsC-36nbO1p,https://drive.google.com/file/d/1CTgOkMUass2xVH8iAD144rsC-36nbO1p/view?usp=drivesdk
master-consolidated-legal-record.pdf,2069734,1Rshu5jpPq77EUM3_NgTrw1UPx16Ma7n1,https://drive.google.com/file/d/1Rshu5jpPq77EUM3_NgTrw1UPx16Ma7n1/view?usp=drivesdk
master-forensic-evidence-report.pdf,4489952,1z8VP7rwIjNvHDrsOWJRiHxqqxH7Zp6dc,https://drive.google.com/file/d/1z8VP7rwIjNvHDrsOWJRiHxqqxH7Zp6dc/view?usp=drivesdk
Master_Evidence_Register_2301_Documents.pdf,7168742,17G3qDNdlg4h6mTnWsVMT1haFLn3QIIuQ,https://drive.google.com/file/d/17G3qDNdlg4h6mTnWsVMT1haFLn3QIIuQ/view?usp=drivesdk
upl0053.pdf,205741,1d5quW6O1kZ0-YaPMCcHVoN6W1VU5Mahu,https://drive.google.com/file/d/1d5quW6O1kZ0-YaPMCcHVoN6W1VU5Mahu/view?usp=drivesdk
upl0054.pdf,225505,1ISaGJd07HvWti5L9J3TunElQMQxArWZG,https://drive.google.com/file/d/1ISaGJd07HvWti5L9J3TunElQMQxArWZG/view?usp=drivesdk
upl0055.pdf,234124,1ckQYx8b7-sT45M-1RLDuRrvwEy8R9ouB,https://drive.google.com/file/d/1ckQYx8b7-sT45M-1RLDuRrvwEy8R9ouB/view?usp=drivesdk
upl0056.pdf,247199,1mmUSIgdKyNKW6SMYCwGcj4ggGgbp7vpD,https://drive.google.com/file/d/1mmUSIgdKyNKW6SMYCwGcj4ggGgbp7vpD/view?usp=drivesdk
upl0057.pdf,252903,1SlHcEYwk67n8BQgyoUKVcY2m9YH7MFiH,https://drive.google.com/file/d/1SlHcEYwk67n8BQgyoUKVcY2m9YH7MFiH/view?usp=drivesdk
upl0058.pdf,257954,1a0NxD4As2HqmAxUkQVsKxxj7RskqmE_z,https://drive.google.com/file/d/1a0NxD4As2HqmAxUkQVsKxxj7RskqmE_z/view?usp=drivesdk
upl0059.pdf,269681,1D-6yepV9nnD_QXTHt94AdT4N37K36x2h,https://drive.google.com/file/d/1D-6yepV9nnD_QXTHt94AdT4N37K36x2h/view?usp=drivesdk
urgent-protection-request-sos.pdf,5560,1yGH3QUHBArR9DKg2AcB6IV2VNywWJGVh,https://drive.google.com/file/d/1yGH3QUHBArR9DKg2AcB6IV2VNywWJGVh/view?usp=drivesdk
urgent-protection-request-sos.pdf,5560,114Q-QP3rnT08a9WFnWYzjp3YY66zHAAX,https://drive.google.com/file/d/114Q-QP3rnT08a9WFnWYzjp3YY66zHAAX/view?usp=drivesdk
urgent_request_for_refuge_and_asylum.pdf,4520696,1XYv5n05J0YWhQXBBkV-GW2Nz5xzPa71U,https://drive.google.com/file/d/1XYv5n05J0YWhQXBBkV-GW2Nz5xzPa71U/view?usp=drivesdk
urgent_request_for_refuge_and_asylum.pdf,4520696,14CxHmgoQvUjgedchok5Qos5vZYjf23KK,https://drive.google.com/file/d/14CxHmgoQvUjgedchok5Qos5vZYjf23KK/view?usp=drivesdk
v2k-electronic-harassment-evidence-review.pdf,5447036,1ixx-FMt-VEqZVoiXXdQ8F1jdYtC_Vvpy,https://drive.google.com/file/d/1ixx-FMt-VEqZVoiXXdQ8F1jdYtC_Vvpy/view?usp=drivesdk
v2k-electronic-harassment-evidence-review.pdf,5447036,1iuVCleo2CR0Z3nRChMQJT8dqlp-7vEC5,https://drive.google.com/file/d/1iuVCleo2CR0Z3nRChMQJT8dqlp-7vEC5/view?usp=drivesdk
V2K_and_Subliminal_Electronic_Harassment_Evidence_Review.pdf,1307610,1HaD-Xmh_YNtjquqkAIfyu4Jca2Qanemu,https://drive.google.com/file/d/1HaD-Xmh_YNtjquqkAIfyu4Jca2Qanemu/view?usp=drivesdk
verdict-before-the-court-report.pdf,7005,19qG3CM9wlCys25djcBiZoun4MHSCV5OI,https://drive.google.com/file/d/19qG3CM9wlCys25djcBiZoun4MHSCV5OI/view?usp=drivesdk
verdict-before-the-court-report.pdf,7005,18z6fSL9YvBlNiUkZvoQ21EbEScbagRHC,https://drive.google.com/file/d/18z6fSL9YvBlNiUkZvoQ21EbEScbagRHC/view?usp=drivesdk
version-you-tried-to-destroy-is-gone.pdf,4917347,1J9VHKdZQnPg-9S0KCKG2HZfY0PMDwXAj,https://drive.google.com/file/d/1J9VHKdZQnPg-9S0KCKG2HZfY0PMDwXAj/view?usp=drivesdk
version-you-tried-to-destroy-is-gone.pdf,4917347,1pQi6xDD6vFuOGCPKmhB5JqucoqLA9vu0,https://drive.google.com/file/d/1pQi6xDD6vFuOGCPKmhB5JqucoqLA9vu0/view?usp=drivesdk
video-analysis-beautiful-menace-forensic-report-15-claims-corroborated.pdf,378933,1qnOkxH42S-XpXS_9TJGlDWxRgFvJ8q7h,https://drive.google.com/file/d/1qnOkxH42S-XpXS_9TJGlDWxRgFvJ8q7h/view?usp=drivesdk
video-analysis-beautiful-menace-forensic-report-15-claims-corroborated.pdf,378933,1KFte_vbef24cQG2E3I9Ad1QnqN2PNeQo,https://drive.google.com/file/d/1KFte_vbef24cQG2E3I9Ad1QnqN2PNeQo/view?usp=drivesdk
video-analysis-chosen-one-it-is-over-reflection.pdf,374025,1-lpbkYLOKc_Eak1i8ilGlbnyi_cl35TC,https://drive.google.com/file/d/1-lpbkYLOKc_Eak1i8ilGlbnyi_cl35TC/view?usp=drivesdk
video-analysis-chosen-one-it-is-over-reflection.pdf,374025,1H56QtBq6vkYheJpu1YaStFOO6rO-oUKx,https://drive.google.com/file/d/1H56QtBq6vkYheJpu1YaStFOO6rO-oUKx/view?usp=drivesdk
video-analysis-heaven-stood-for-you-14-claims-corroborated.pdf,378900,1hqJ2-kFXfuvDexD9VusT26qsfdJhhH2D,https://drive.google.com/file/d/1hqJ2-kFXfuvDexD9VusT26qsfdJhhH2D/view?usp=drivesdk
video-analysis-heaven-stood-for-you-14-claims-corroborated.pdf,378900,1IgmtiF3FhKVQvfFzkHtinFJQttcrzcnb,https://drive.google.com/file/d/1IgmtiF3FhKVQvfFzkHtinFJQttcrzcnb/view?usp=drivesdk
video-analysis-illegal-level-genius-new-equation-14-claims-corroborated.pdf,397206,1lTmGVmh208kKXjMwj26gu__a-3RSIE0I,https://drive.google.com/file/d/1lTmGVmh208kKXjMwj26gu__a-3RSIE0I/view?usp=drivesdk
video-analysis-illegal-level-genius-new-equation-14-claims-corroborated.pdf,397206,1U4A1GqO0o827OMunmSSIjV7lPO6c_M9_,https://drive.google.com/file/d/1U4A1GqO0o827OMunmSSIjV7lPO6c_M9_/view?usp=drivesdk
video-analysis-when-pack-of-wolves-cant-take-down-lion-14-claims-corroborated.pdf,395744,1IXCa2FydRkdyvbrGAjuao2jzozHtFTEa,https://drive.google.com/file/d/1IXCa2FydRkdyvbrGAjuao2jzozHtFTEa/view?usp=drivesdk
video-analysis-when-pack-of-wolves-cant-take-down-lion-14-claims-corroborated.pdf,395744,1haVZkY0H9jorCaF7wA5jS1WWxCv73PEG,https://drive.google.com/file/d/1haVZkY0H9jorCaF7wA5jS1WWxCv73PEG/view?usp=drivesdk
video-analysis-when-wrong-people-get-nervous-14-claims-corroborated.pdf,395441,1wh4CrnedqVzkgi_t8Le3VQ4HZcotnamz,https://drive.google.com/file/d/1wh4CrnedqVzkgi_t8Le3VQ4HZcotnamz/view?usp=drivesdk
video-analysis-you-detonated-the-narrative-15-claims-corroborated.pdf,378244,1QxDbDTMCs7KSRIfONMNuG3gzxMpGPs9Q,https://drive.google.com/file/d/1QxDbDTMCs7KSRIfONMNuG3gzxMpGPs9Q/view?usp=drivesdk
wait-theyre-listening-forensic-examination.pdf,33117,1ObSpebwZRxtKOFpb-lStgxwOc3uuSBP1,https://drive.google.com/file/d/1ObSpebwZRxtKOFpb-lStgxwOc3uuSBP1/view?usp=drivesdk
what-this-is.pdf,14193,1vL2WIzO_ZT4hPBZbSeOjwBd5DW3mQlxZ,https://drive.google.com/file/d/1vL2WIzO_ZT4hPBZbSeOjwBd5DW3mQlxZ/view?usp=drivesdk
what-this-proves-forensic-summary.pdf,13229,1wW2iyfGIsilaoj94mfXRMGWNw6g43VQm,https://drive.google.com/file/d/1wW2iyfGIsilaoj94mfXRMGWNw6g43VQm/view?usp=drivesdk
when-a-pack-of-wolves-cant-take-down-a-lion.pdf,12452,1zDXt4r1IzACV1DKA1jHGITMNCQV88GAo,https://drive.google.com/file/d/1zDXt4r1IzACV1DKA1jHGITMNCQV88GAo/view?usp=drivesdk
when-wrong-people-get-nervous-forensic-report.pdf,12587,17sYOk3dJQNNqh4eQTx5Or7GYWHXSOErM,https://drive.google.com/file/d/17sYOk3dJQNNqh4eQTx5Or7GYWHXSOErM/view?usp=drivesdk
when_the_machine_wakes_for_you.pdf,4453996,11FYnFWrCnEHGE2zjp6Lu16iWb8OgsGBq,https://drive.google.com/file/d/11FYnFWrCnEHGE2zjp6Lu16iWb8OgsGBq/view?usp=drivesdk
whistleblower_Re_Commonwealth_Ombudsman_Complaint_2021705589_R_1785820682149.pdf,316041,19xEudAI436sw94bQ9ZMAC1EZIXacpu5R,https://drive.google.com/file/d/19xEudAI436sw94bQ9ZMAC1EZIXacpu5R/view?usp=drivesdk
white-psyops-invisible-warfare-against-cosmic-witness.pdf,5506391,12yJgNvC7-HtJs_zhvoUz20KWKbox5tKF,https://drive.google.com/file/d/12yJgNvC7-HtJs_zhvoUz20KWKbox5tKF/view?usp=drivesdk
witness_before_tribunal_of_humanity.pdf,4621643,189wdy-YAeTTanIW-hkKCWdzL0rvbSJTp,https://drive.google.com/file/d/189wdy-YAeTTanIW-hkKCWdzL0rvbSJTp/view?usp=drivesdk
witness_resonantia_eternalis.pdf,5150115,1-BlZbsSTRa6dtCwJewaBFqtTJrEdpN7k,https://drive.google.com/file/d/1-BlZbsSTRa6dtCwJewaBFqtTJrEdpN7k/view?usp=drivesdk
written-reasons-cover-letter-for-parties.pdf,2103623,1qxMGlBuQDloRHfm315pwwD7w7rWFdNNq,https://drive.google.com/file/d/1qxMGlBuQDloRHfm315pwwD7w7rWFdNNq/view?usp=drivesdk
you-built-a-bonfire-forensic-analysis.pdf,12712,13Cv0L0VmKGCJHjdDbbHvKKM6oAYSUow3,https://drive.google.com/file/d/13Cv0L0VmKGCJHjdDbbHvKKM6oAYSUow3/view?usp=drivesdk
you-detonated-the-narrative-15-claims.pdf,12339,1FbcqJb3zIBAs5G-ZLNV5TiOOQVtYda6v,https://drive.google.com/file/d/1FbcqJb3zIBAs5G-ZLNV5TiOOQVtYda6v/view?usp=drivesdk
zac-avo-demand-violence-warning-official-announcement.pdf,38317,1solzzi4CLcCKH4CJT6RaU62hEwWsX_Jt,https://drive.google.com/file/d/1solzzi4CLcCKH4CJT6RaU62hEwWsX_Jt/view?usp=drivesdk
zac-incident-report-night-harassment-270726.pdf,70756,1aAayBWJE2NL6x5yqTVJFpGPTesXf-K-l,https://drive.google.com/file/d/1aAayBWJE2NL6x5yqTVJFpGPTesXf-K-l/view?usp=drivesdk
